content_id,title,type,release_year,primary_genre,duration_minutes,production_country_id,original_language_id,marketing_id
CNT0001,After Empire,Movie,2024,Comedy,150,1,10,MKT034
CNT0002,Tokyo Edge,Series,2023,Thriller,880,7,60,MKT043
CNT0003,City of Seoul,Movie,2026,Thriller,88,3,30,MKT038
CNT0004,Luz Oscura,Movie,2023,Comedy,87,1,40,MKT003
CNT0005,Police 6,Movie,2025,Comedy,107,2,110,MKT009
CNT0006,Blue Love,Movie,2024,Sci-Fi,92,7,60,MKT028
CNT0007,Shadow Horizon,Movie,2023,Horror,162,1,10,MKT026
CNT0008,Ithu 9,Series,2024,Action,699,2,90,MKT009
CNT0009,Dangal 10,Movie,2018,Sci-Fi,136,2,20,MKT007
CNT0010,After Promise,Series,2025,Thriller,392,8,10,MKT032
CNT0011,Vento Destino,Movie,2022,Sci-Fi,80,9,80,MKT030
CNT0012,Noche Magia,Movie,2022,Horror,171,10,40,MKT013
CNT0013,Midnight Horizon,Movie,2025,Action,175,4,10,MKT004
CNT0014,Shadow Legacy,Movie,2019,Romance,145,4,10,MKT005
CNT0015,After Flight,Series,2018,Comedy,733,3,10,MKT039
CNT0016,Sangre Magia,Series,2023,Sci-Fi,473,5,40,MKT043
CNT0017,Midnight Horizon,Movie,2025,Sci-Fi,138,1,10,MKT001
CNT0018,Viaje Destino,Series,2023,Thriller,368,10,40,MKT009
CNT0019,Thendi 20,Series,2022,Comedy,598,2,90,MKT046
CNT0020,Sangre Oscura,Series,2022,Romance,717,5,40,MKT009
CNT0021,Dream Night,Movie,2023,Action,116,7,60,MKT046
CNT0022,Berlin Line,Movie,2024,Horror,112,8,70,MKT041
CNT0023,Sangre Magia,Series,2025,Action,802,1,40,MKT048
CNT0024,After Flight,Movie,2023,Sci-Fi,168,4,10,MKT003
CNT0025,Star Mission,Movie,2021,Comedy,126,3,30,MKT014
CNT0026,Eternal Break,Series,2021,Drama,566,7,10,MKT010
CNT0027,After Break,Series,2024,Romance,175,7,10,MKT022
CNT0028,Paris Rêve,Series,2025,Romance,313,6,50,MKT003
CNT0029,Amor Perdido,Movie,2021,Romance,109,9,80,MKT043
CNT0030,Midnight Break,Movie,2024,Drama,115,8,10,MKT033
CNT0031,Nuit Rouge,Series,2022,Romance,268,4,50,MKT038
CNT0032,Love Rain,Movie,2019,Thriller,120,3,30,MKT033
CNT0033,Aashiqui 34,Movie,2026,Thriller,170,2,20,MKT001
CNT0034,After Empire,Series,2019,Thriller,836,6,10,MKT028
CNT0035,Sangre Sueño,Series,2024,Drama,277,5,40,MKT020
CNT0036,Ithu 37,Movie,2024,Horror,104,2,90,MKT043
CNT0037,Corazón Destino,Series,2021,Comedy,711,5,40,MKT019
CNT0038,Noche Magia,Movie,2025,Thriller,136,5,40,MKT033
CNT0039,Sombre Été,Series,2019,Romance,440,6,50,MKT022
CNT0040,Veera 41,Series,2018,Romance,380,2,100,MKT010
CNT0041,Noche Sueño,Movie,2024,Sci-Fi,138,5,40,MKT013
CNT0042,Echo Horizon,Movie,2024,Comedy,176,1,10,MKT050
CNT0043,Viaje Magia,Movie,2025,Romance,86,10,40,MKT008
CNT0044,Midnight Promise,Movie,2026,Sci-Fi,156,5,10,MKT040
CNT0045,Love Mission,Movie,2021,Thriller,140,3,30,MKT049
CNT0046,Ninja Love,Series,2019,Drama,791,7,60,MKT029
CNT0047,Prema 48,Series,2020,Comedy,703,2,100,MKT009
CNT0048,Final Empire,Movie,2025,Horror,133,1,10,MKT035
CNT0049,Code Line,Movie,2024,Comedy,178,8,70,MKT049
CNT0050,Police 11,Movie,2026,Drama,133,2,110,MKT048
CNT0051,Shadow Promise,Series,2024,Comedy,647,4,10,MKT022
CNT0052,Shadow of Seoul,Series,2018,Romance,787,3,30,MKT026
CNT0053,Midnight Promise,Movie,2021,Sci-Fi,86,1,10,MKT021
CNT0054,Blue Love,Movie,2025,Drama,176,7,60,MKT006
CNT0055,Paris Mystère,Movie,2018,Thriller,108,1,50,MKT049
CNT0056,Shadow Affair,Series,2019,Comedy,394,8,70,MKT043
CNT0057,Moon Rain,Movie,2019,Comedy,127,3,30,MKT039
CNT0058,Sangre Sueño,Series,2024,Comedy,176,10,40,MKT044
CNT0059,Moner 10,Movie,2022,Horror,168,2,120,MKT007
CNT0060,Sakura Love,Series,2024,Thriller,729,7,60,MKT035
CNT0061,Echo Promise,Series,2024,Action,580,4,10,MKT007
CNT0062,Vento Final,Series,2026,Horror,306,9,80,MKT047
CNT0063,Final Promise,Series,2022,Drama,645,5,10,MKT047
CNT0064,Shadow Affair,Movie,2024,Comedy,137,8,70,MKT037
CNT0065,Night Hour,Movie,2022,Sci-Fi,107,8,70,MKT022
CNT0066,Amor Perdido,Series,2024,Horror,679,9,80,MKT016
CNT0067,Anandam 28,Movie,2018,Romance,162,2,110,MKT029
CNT0068,Shadow Mission,Movie,2026,Comedy,164,3,30,MKT031
CNT0069,Noche Destino,Movie,2022,Sci-Fi,125,10,40,MKT020
CNT0070,Dangal 71,Movie,2020,Horror,175,2,20,MKT049
CNT0071,Viaje Sueño,Movie,2019,Horror,177,4,40,MKT019
CNT0072,Kadhal 33,Series,2026,Drama,459,2,90,MKT046
CNT0073,Luz Trampa,Movie,2018,Action,169,10,40,MKT007
CNT0074,City Secret,Movie,2019,Sci-Fi,86,3,30,MKT008
CNT0075,After Flight,Movie,2019,Action,99,4,10,MKT020
CNT0076,Echo Flight,Series,2026,Action,760,4,10,MKT015
CNT0077,Raatri 28,Movie,2018,Sci-Fi,134,2,120,MKT037
CNT0078,Luz Destino,Series,2019,Horror,790,1,40,MKT043
CNT0079,Final Break,Movie,2025,Comedy,132,4,10,MKT039
CNT0080,Padavi 31,Movie,2021,Comedy,169,2,100,MKT005
CNT0081,Blue Saga,Series,2021,Romance,352,7,60,MKT035
CNT0082,Night Circuit,Series,2022,Drama,319,8,70,MKT048
CNT0083,Sombre Été,Movie,2025,Sci-Fi,114,6,50,MKT032
CNT0084,Noite Perdido,Movie,2021,Action,157,9,80,MKT006
CNT0085,Night Circuit,Series,2020,Romance,171,8,70,MKT003
CNT0086,Love Secret,Movie,2025,Horror,154,3,30,MKT006
CNT0087,Sapna 88,Movie,2025,Drama,100,2,20,MKT027
CNT0088,Sakura Love,Movie,2023,Sci-Fi,138,7,60,MKT017
CNT0089,Shadow Secret,Movie,2018,Romance,80,3,30,MKT027
CNT0090,Corazón Magia,Movie,2026,Drama,136,5,40,MKT018
CNT0091,Star Rain,Movie,2020,Drama,95,3,30,MKT016
CNT0092,Final Horizon,Movie,2020,Action,94,4,10,MKT042
CNT0093,Padavi 44,Movie,2021,Horror,133,2,100,MKT031
CNT0094,Star Legacy,Movie,2022,Comedy,145,3,10,MKT005
CNT0095,Midnight Horizon,Series,2022,Romance,669,3,10,MKT019
CNT0096,Noche Sueño,Series,2023,Thriller,302,10,40,MKT031
CNT0097,Echo Legacy,Movie,2021,Romance,121,4,10,MKT045
CNT0098,Secret Affair,Movie,2020,Comedy,120,8,70,MKT025
CNT0099,Paris Rêve,Movie,2026,Action,122,1,50,MKT007
CNT0100,Coeur Mystère,Series,2022,Action,820,6,50,MKT031
CNT0101,Shadow Secret,Movie,2025,Horror,122,3,30,MKT021
CNT0102,Sangre Magia,Series,2019,Action,850,5,40,MKT048
CNT0103,Blue Night,Movie,2022,Action,92,7,60,MKT045
CNT0104,Sapna 5,Series,2024,Action,450,2,20,MKT024
CNT0105,Moon Drama,Movie,2024,Thriller,103,3,30,MKT006
CNT0106,Final Break,Series,2025,Comedy,387,4,10,MKT017
CNT0107,Segredo Final,Movie,2025,Action,116,9,80,MKT005
CNT0108,Swara 29,Series,2022,Thriller,856,2,110,MKT030
CNT0109,Code Hour,Movie,2022,Sci-Fi,128,8,70,MKT037
CNT0110,Sangre Oscura,Series,2018,Drama,555,1,40,MKT037
CNT0111,Coeur Été,Series,2021,Horror,443,4,50,MKT023
CNT0112,Kadhal 33,Series,2018,Thriller,793,2,90,MKT041
CNT0113,Shadow Empire,Movie,2024,Sci-Fi,96,1,10,MKT021
CNT0114,Eternal Flight,Movie,2020,Comedy,126,7,10,MKT018
CNT0115,Star Empire,Movie,2025,Romance,117,9,10,MKT008
CNT0116,Blue Mission,Series,2019,Comedy,842,7,60,MKT024
CNT0117,Sapna 18,Series,2022,Action,615,2,20,MKT044
CNT0118,Luz Trampa,Movie,2026,Romance,166,5,40,MKT002
CNT0119,Aashiqui 20,Movie,2022,Thriller,161,2,20,MKT045
CNT0120,Amour Mystère,Series,2021,Action,461,1,50,MKT007
CNT0121,Shadow Secret,Series,2020,Comedy,863,3,30,MKT038
CNT0122,Midnight Horizon,Series,2023,Horror,567,1,10,MKT045
CNT0123,Star Empire,Movie,2023,Sci-Fi,92,10,10,MKT035
CNT0124,Khiladi 25,Movie,2021,Drama,138,2,20,MKT043
CNT0125,Luz Magia,Series,2021,Thriller,491,10,40,MKT037
CNT0126,Midnight Legacy,Movie,2018,Romance,109,4,10,MKT039
CNT0127,Corazón Oscura,Movie,2018,Comedy,102,10,40,MKT009
CNT0128,Veera 29,Movie,2018,Romance,82,2,100,MKT017
CNT0129,Noche Destino,Movie,2019,Sci-Fi,140,4,40,MKT033
CNT0130,Segredo Destino,Movie,2018,Comedy,180,9,80,MKT030
CNT0131,Secret Affair,Movie,2019,Sci-Fi,93,8,70,MKT005
CNT0132,Eternal Flight,Movie,2023,Comedy,161,1,10,MKT046
CNT0133,Final Horizon,Movie,2019,Thriller,157,4,10,MKT045
CNT0134,Secret Affair,Series,2024,Horror,370,8,70,MKT015
CNT0135,Love Mission,Movie,2022,Sci-Fi,120,3,30,MKT043
CNT0136,Paris Mystère,Movie,2019,Comedy,91,6,50,MKT028
CNT0137,Dream Mission,Series,2019,Drama,750,7,60,MKT022
CNT0138,Corazón Destino,Movie,2022,Romance,172,5,40,MKT039
CNT0139,After Horizon,Movie,2026,Thriller,141,4,10,MKT023
CNT0140,Thendi 21,Movie,2026,Romance,134,2,90,MKT050
CNT0141,Night Hour,Movie,2023,Horror,103,8,70,MKT022
CNT0142,After Break,Movie,2018,Romance,88,1,10,MKT041
CNT0143,Swara 24,Movie,2023,Thriller,138,2,110,MKT011
CNT0144,Sakura Night,Movie,2018,Drama,90,7,60,MKT011
CNT0145,Love Secret,Series,2021,Drama,771,3,30,MKT018
CNT0146,Raat 47,Series,2025,Action,440,2,20,MKT044
CNT0147,Shadow Horizon,Movie,2022,Drama,156,1,10,MKT014
CNT0148,Shadow Horizon,Series,2024,Romance,485,1,10,MKT032
CNT0149,Echo Break,Movie,2019,Sci-Fi,151,4,10,MKT023
CNT0150,Echo Empire,Movie,2024,Horror,89,1,10,MKT037
CNT0151,Corazón Destino,Movie,2025,Horror,131,5,40,MKT011
CNT0152,Noche Sueño,Series,2026,Drama,399,1,40,MKT026
CNT0153,Geetham 4,Movie,2020,Romance,108,2,100,MKT050
CNT0154,Midnight Empire,Movie,2020,Horror,179,1,10,MKT047
CNT0155,Thirai 36,Movie,2019,Comedy,157,2,90,MKT049
CNT0156,Viaje Trampa,Movie,2023,Romance,152,5,40,MKT044
CNT0157,Anandam 38,Series,2022,Horror,219,2,110,MKT029
CNT0158,Final Promise,Series,2018,Thriller,467,1,10,MKT003
CNT0159,Sombre Été,Movie,2024,Drama,91,1,50,MKT033
CNT0160,Noche Sueño,Movie,2021,Thriller,85,10,40,MKT042
CNT0161,Paris Histoire,Movie,2019,Sci-Fi,137,4,50,MKT046
CNT0162,Viaje Sueño,Movie,2020,Comedy,136,1,40,MKT040
CNT0163,Shadow of Seoul,Movie,2023,Drama,166,3,30,MKT041
CNT0164,Star Break,Movie,2020,Action,112,4,10,MKT039
CNT0165,Star Break,Movie,2024,Thriller,119,5,10,MKT043
CNT0166,Noite Final,Movie,2026,Horror,128,9,80,MKT043
CNT0167,City Drama,Movie,2023,Horror,126,3,30,MKT014
CNT0168,Kadhal 9,Series,2019,Sci-Fi,308,2,90,MKT019
CNT0169,Star Empire,Movie,2020,Thriller,84,8,10,MKT050
CNT0170,Viaje Magia,Movie,2025,Comedy,178,1,40,MKT047
CNT0171,Sombre Histoire,Movie,2025,Drama,136,6,50,MKT049
CNT0172,Swara 13,Movie,2025,Comedy,104,2,110,MKT044
CNT0173,Ninja Night,Movie,2020,Drama,133,7,60,MKT039
CNT0174,Shadow Break,Series,2019,Action,717,5,10,MKT034
CNT0175,After Promise,Movie,2021,Romance,145,1,10,MKT006
CNT0176,Segredo Destino,Series,2024,Drama,555,9,80,MKT016
CNT0177,Geetham 28,Series,2020,Drama,251,2,100,MKT010
CNT0178,Star Promise,Movie,2018,Romance,177,3,10,MKT029
CNT0179,Thendi 20,Series,2024,Action,711,2,90,MKT034
CNT0180,Yuva 81,Movie,2025,Drama,86,2,20,MKT027
CNT0181,Segredo Luz,Movie,2020,Romance,82,9,80,MKT016
CNT0182,Luz Oscura,Movie,2023,Action,133,5,40,MKT034
CNT0183,Viaje Oscura,Movie,2025,Thriller,144,4,40,MKT025
CNT0184,Sangre Oscura,Movie,2021,Sci-Fi,82,10,40,MKT023
CNT0185,After Horizon,Series,2026,Horror,490,1,10,MKT023
CNT0186,Noche Magia,Movie,2019,Horror,139,1,40,MKT009
CNT0187,Shadow Empire,Series,2026,Sci-Fi,354,1,10,MKT020
CNT0188,Star Legacy,Movie,2023,Romance,176,4,10,MKT019
CNT0189,Night Affair,Series,2025,Action,277,8,70,MKT026
CNT0190,Ithu 31,Series,2026,Sci-Fi,658,2,90,MKT024
CNT0191,Coeur Été,Movie,2023,Action,157,6,50,MKT019
CNT0192,Noche Magia,Movie,2025,Drama,157,5,40,MKT045
CNT0193,Final Empire,Movie,2018,Action,158,6,10,MKT041
CNT0194,Moon of Seoul,Movie,2025,Horror,175,3,30,MKT010
CNT0195,Padavi 46,Movie,2018,Action,126,2,100,MKT037
CNT0196,Star Rain,Series,2026,Horror,604,3,30,MKT009
CNT0197,Corazón Magia,Movie,2026,Drama,94,5,40,MKT032
CNT0198,Noche Magia,Movie,2022,Thriller,170,1,40,MKT040
CNT0199,Ithu 40,Series,2025,Sci-Fi,225,2,90,MKT012
CNT0200,Nuit Mystère,Series,2026,Romance,477,6,50,MKT036
CNT0201,Shadow Hour,Movie,2021,Drama,169,8,70,MKT033
CNT0202,Sakura Love,Movie,2023,Comedy,143,7,60,MKT036
CNT0203,Nuit Rêve,Movie,2025,Thriller,88,1,50,MKT046
CNT0204,City of Seoul,Movie,2025,Romance,96,3,30,MKT029
CNT0205,Viaje Magia,Series,2020,Drama,714,1,40,MKT050
CNT0206,Midnight Legacy,Movie,2023,Romance,99,1,10,MKT011
CNT0207,Swapno 8,Series,2021,Comedy,440,2,120,MKT017
CNT0208,Prathi 9,Series,2026,Thriller,779,2,100,MKT006
CNT0209,Segredo Luz,Series,2018,Thriller,824,9,80,MKT022
CNT0210,Nuit Rouge,Series,2024,Action,740,1,50,MKT050
CNT0211,Star Empire,Series,2021,Action,446,4,10,MKT031
CNT0212,Star Drama,Series,2024,Horror,855,3,30,MKT029
CNT0213,Vanna 14,Movie,2023,Comedy,120,2,90,MKT047
CNT0214,Tokyo Night,Series,2019,Comedy,258,7,60,MKT030
CNT0215,Echo Flight,Movie,2021,Comedy,129,1,10,MKT027
CNT0216,Midnight Legacy,Series,2020,Comedy,888,7,10,MKT049
CNT0217,Shadow Horizon,Movie,2026,Thriller,143,3,10,MKT026
CNT0218,Prema 19,Movie,2025,Comedy,86,2,100,MKT019
CNT0219,Corazón Oscura,Movie,2020,Romance,148,5,40,MKT028
CNT0220,Kadha 21,Series,2018,Horror,524,2,110,MKT026
CNT0221,Padavi 22,Movie,2025,Comedy,89,2,100,MKT033
CNT0222,Berlin Game,Series,2024,Drama,775,8,70,MKT007
CNT0223,After Flight,Movie,2024,Drama,98,4,10,MKT033
CNT0224,Viaje Trampa,Movie,2026,Action,140,1,40,MKT010
CNT0225,Swara 26,Movie,2023,Thriller,158,2,110,MKT038
CNT0226,Noche Oscura,Movie,2023,Thriller,118,4,40,MKT024
CNT0227,Corazón Sueño,Series,2022,Sci-Fi,892,4,40,MKT031
CNT0228,Corazón Sueño,Series,2020,Romance,383,10,40,MKT031
CNT0229,Luz Oscura,Movie,2019,Horror,98,5,40,MKT037
CNT0230,Thirai 31,Movie,2026,Sci-Fi,132,2,90,MKT027
CNT0231,Shadow Circuit,Series,2026,Sci-Fi,213,8,70,MKT014
CNT0232,Love Rain,Movie,2026,Horror,102,3,30,MKT022
CNT0233,Night Circuit,Movie,2021,Romance,168,8,70,MKT031
CNT0234,Echo Empire,Series,2021,Drama,454,4,10,MKT046
CNT0235,Geetham 36,Series,2019,Sci-Fi,723,2,100,MKT019
CNT0236,Veedu 37,Movie,2018,Thriller,124,2,110,MKT019
CNT0237,Nuit Rêve,Movie,2021,Horror,163,1,50,MKT014
CNT0238,Coração Luz,Series,2021,Drama,290,9,80,MKT048
CNT0239,Coração Perdido,Movie,2023,Horror,109,9,80,MKT027
CNT0240,Coeur Rêve,Series,2025,Action,713,6,50,MKT042
CNT0241,Sakura Saga,Movie,2021,Comedy,116,7,60,MKT042
CNT0242,Secret Game,Movie,2024,Horror,102,8,70,MKT003
CNT0243,Shadow Horizon,Series,2019,Comedy,446,9,10,MKT020
CNT0244,Bari 45,Series,2026,Drama,686,2,120,MKT009
CNT0245,Blue Love,Movie,2020,Comedy,173,7,60,MKT046
CNT0246,Ninja Night,Movie,2024,Drama,176,7,60,MKT040
CNT0247,Kadha 8,Series,2020,Thriller,835,2,110,MKT012
CNT0248,Echo Empire,Movie,2022,Comedy,137,1,10,MKT022
CNT0249,After Horizon,Movie,2019,Thriller,168,1,10,MKT043
CNT0250,City of Seoul,Movie,2022,Comedy,170,3,30,MKT041
CNT0251,Thirai 12,Movie,2023,Comedy,141,2,90,MKT030
CNT0252,Amor Final,Movie,2019,Thriller,165,9,80,MKT044
CNT0253,Paris Mystère,Movie,2026,Thriller,152,6,50,MKT036
CNT0254,Final Horizon,Movie,2021,Thriller,146,1,10,MKT044
CNT0255,Final Legacy,Series,2024,Sci-Fi,206,1,10,MKT033
CNT0256,Star Horizon,Movie,2022,Action,119,4,10,MKT026
CNT0257,Aashiqui 58,Series,2019,Horror,196,2,20,MKT023
CNT0258,Coração Destino,Movie,2020,Action,140,9,80,MKT027
CNT0259,Sangre Trampa,Series,2024,Romance,580,5,40,MKT029
CNT0260,Star Empire,Movie,2020,Horror,97,10,10,MKT008
CNT0261,Corazón Oscura,Series,2025,Sci-Fi,378,4,40,MKT020
CNT0262,Moon Secret,Series,2020,Thriller,385,3,30,MKT023
CNT0263,Blue Mission,Movie,2018,Horror,164,7,60,MKT050
CNT0264,Star Break,Movie,2021,Action,156,1,10,MKT004
CNT0265,Moon Rain,Series,2021,Sci-Fi,207,3,30,MKT019
CNT0266,Echo Empire,Series,2022,Horror,838,4,10,MKT016
CNT0267,Shadow Flight,Series,2020,Horror,431,4,10,MKT038
CNT0268,Star Break,Series,2026,Sci-Fi,502,4,10,MKT025
CNT0269,Shadow Secret,Movie,2021,Sci-Fi,103,3,30,MKT016
CNT0270,Eternal Promise,Movie,2026,Horror,87,1,10,MKT027
CNT0271,Kadhal 32,Movie,2023,Sci-Fi,122,2,90,MKT029
CNT0272,Code Circuit,Movie,2019,Horror,128,8,70,MKT003
CNT0273,Final Legacy,Movie,2022,Romance,107,4,10,MKT022
CNT0274,Ithu 35,Series,2021,Action,270,2,90,MKT016
CNT0275,Noche Sueño,Movie,2023,Comedy,128,4,40,MKT042
CNT0276,Echo Break,Movie,2023,Drama,92,4,10,MKT031
CNT0277,Yuva 78,Series,2020,Drama,726,2,20,MKT048
CNT0278,Noite Final,Movie,2023,Thriller,133,9,80,MKT013
CNT0279,Night Hour,Movie,2025,Thriller,163,8,70,MKT049
CNT0280,Nuit Rouge,Series,2026,Horror,900,6,50,MKT009
CNT0281,Shadow Horizon,Movie,2018,Thriller,147,10,10,MKT043
CNT0282,Star Legacy,Series,2021,Sci-Fi,219,1,10,MKT001
CNT0283,Final Break,Movie,2018,Drama,158,1,10,MKT032
CNT0284,City Rain,Movie,2018,Thriller,172,3,30,MKT019
CNT0285,Paris Mystère,Movie,2020,Horror,102,6,50,MKT034
CNT0286,Noche Oscura,Movie,2024,Thriller,114,4,40,MKT024
CNT0287,Corazón Oscura,Movie,2024,Comedy,167,10,40,MKT006
CNT0288,Moon of Seoul,Movie,2024,Thriller,169,3,30,MKT032
CNT0289,Sombre Mystère,Series,2021,Drama,247,4,50,MKT015
CNT0290,Coração Destino,Series,2018,Horror,197,9,80,MKT035
CNT0291,Thirai 12,Movie,2024,Romance,155,2,90,MKT049
CNT0292,Star Flight,Series,2024,Drama,548,1,10,MKT022
CNT0293,Dream Love,Series,2019,Comedy,230,7,60,MKT004
CNT0294,Eternal Promise,Movie,2023,Romance,158,1,10,MKT050
CNT0295,Tokyo Mission,Movie,2024,Drama,109,7,60,MKT025
CNT0296,Sangre Magia,Movie,2019,Thriller,159,5,40,MKT046
CNT0297,Ithu 18,Movie,2023,Comedy,174,2,90,MKT021
CNT0298,Noite Perdido,Movie,2019,Action,177,9,80,MKT009
CNT0299,Shadow Horizon,Movie,2026,Sci-Fi,93,4,10,MKT023
CNT0300,Midnight Promise,Movie,2019,Thriller,81,7,10,MKT025
CNT0301,Eternal Legacy,Series,2024,Thriller,735,9,10,MKT044
CNT0302,Kadha 23,Movie,2024,Drama,98,2,110,MKT011
CNT0303,After Break,Movie,2025,Drama,112,4,10,MKT041
CNT0304,Love Mission,Movie,2024,Comedy,80,3,30,MKT040
CNT0305,Shadow Drama,Series,2023,Drama,816,3,30,MKT020
CNT0306,Padavi 7,Series,2022,Horror,331,2,100,MKT021
CNT0307,Midnight Promise,Series,2024,Horror,398,4,10,MKT018
CNT0308,Pran 9,Movie,2025,Thriller,103,2,120,MKT002
CNT0309,Star Secret,Series,2025,Comedy,859,3,30,MKT044
CNT0310,Ithu 31,Movie,2019,Drama,171,2,90,MKT025
CNT0311,Love Rain,Movie,2023,Thriller,144,3,30,MKT003
CNT0312,Shadow Legacy,Series,2023,Romance,237,4,10,MKT043
CNT0313,Amour Histoire,Movie,2019,Thriller,166,1,50,MKT028
CNT0314,Pran 15,Movie,2021,Drama,151,2,120,MKT045
CNT0315,Shadow Drama,Movie,2018,Sci-Fi,168,3,30,MKT023
CNT0316,Echo Break,Movie,2023,Drama,94,3,10,MKT010
CNT0317,Blue Saga,Movie,2025,Sci-Fi,124,7,60,MKT029
CNT0318,Sangre Oscura,Movie,2020,Drama,82,1,40,MKT044
CNT0319,Thirai 40,Series,2026,Horror,715,2,90,MKT022
CNT0320,Veedu 1,Movie,2024,Sci-Fi,160,2,110,MKT012
CNT0321,Noche Trampa,Movie,2021,Horror,155,5,40,MKT001
CNT0322,Paris Été,Movie,2023,Romance,153,6,50,MKT012
CNT0323,Eternal Break,Movie,2024,Sci-Fi,142,1,10,MKT021
CNT0324,Eternal Legacy,Series,2022,Thriller,618,1,10,MKT044
CNT0325,After Empire,Series,2020,Thriller,270,1,10,MKT008
CNT0326,Eternal Promise,Movie,2020,Comedy,97,4,10,MKT028
CNT0327,Sombre Rouge,Movie,2022,Thriller,102,6,50,MKT032
CNT0328,Berlin Affair,Movie,2021,Drama,125,8,70,MKT009
CNT0329,Final Promise,Series,2025,Thriller,851,4,10,MKT046
CNT0330,Sangre Oscura,Movie,2021,Action,108,4,40,MKT018
CNT0331,Blue Mission,Movie,2019,Comedy,178,7,60,MKT033
CNT0332,Dream Saga,Movie,2025,Drama,126,7,60,MKT049
CNT0333,Luz Destino,Movie,2025,Sci-Fi,176,1,40,MKT003
CNT0334,Ninja Night,Movie,2023,Romance,95,7,60,MKT048
CNT0335,Luz Magia,Series,2023,Thriller,292,5,40,MKT004
CNT0336,Midnight Empire,Movie,2022,Thriller,170,4,10,MKT037
CNT0337,Luz Trampa,Series,2022,Thriller,247,10,40,MKT004
CNT0338,Nuit Rouge,Series,2024,Comedy,299,6,50,MKT049
CNT0339,Noche Oscura,Movie,2019,Thriller,128,5,40,MKT041
CNT0340,Padavi 41,Movie,2018,Horror,138,2,100,MKT021
CNT0341,Nuit Mystère,Series,2024,Romance,619,6,50,MKT035
CNT0342,Night Hour,Movie,2020,Sci-Fi,121,8,70,MKT036
CNT0343,Shadow Horizon,Movie,2025,Sci-Fi,177,7,10,MKT007
CNT0344,After Break,Movie,2022,Romance,134,1,10,MKT009
CNT0345,Midnight Break,Movie,2020,Drama,90,1,10,MKT042
CNT0346,Kadhal 27,Movie,2019,Horror,134,2,90,MKT046
CNT0347,Star Promise,Movie,2018,Sci-Fi,146,1,10,MKT001
CNT0348,Coeur Rêve,Series,2021,Romance,860,1,50,MKT005
CNT0349,Tokyo Night,Movie,2020,Horror,127,7,60,MKT025
CNT0350,Eternal Break,Series,2025,Horror,158,1,10,MKT011
CNT0351,Viaje Trampa,Movie,2019,Comedy,132,5,40,MKT014
CNT0352,Tokyo Edge,Series,2020,Comedy,543,7,60,MKT021
CNT0353,Star Flight,Movie,2018,Horror,156,1,10,MKT019
CNT0354,Code Game,Series,2024,Horror,771,8,70,MKT048
CNT0355,Blue Edge,Movie,2021,Action,110,7,60,MKT008
CNT0356,Nuit Histoire,Movie,2024,Thriller,81,1,50,MKT009
CNT0357,Love of Seoul,Series,2019,Thriller,326,3,30,MKT002
CNT0358,Eternal Empire,Movie,2026,Comedy,130,1,10,MKT041
CNT0359,Sombre Été,Series,2022,Sci-Fi,699,6,50,MKT010
CNT0360,Eternal Empire,Movie,2019,Action,99,4,10,MKT026
CNT0361,Coeur Mystère,Movie,2019,Sci-Fi,87,6,50,MKT028
CNT0362,Star Legacy,Movie,2018,Thriller,164,1,10,MKT008
CNT0363,Eternal Flight,Series,2022,Horror,505,1,10,MKT047
CNT0364,Shadow Horizon,Movie,2024,Comedy,173,7,10,MKT022
CNT0365,Swapno 16,Movie,2025,Action,160,2,120,MKT032
CNT0366,After Empire,Movie,2019,Action,127,4,10,MKT050
CNT0367,Paris Mystère,Series,2021,Horror,671,6,50,MKT001
CNT0368,Shadow Secret,Movie,2023,Drama,84,3,30,MKT015
CNT0369,Sapna 70,Movie,2026,Horror,153,2,20,MKT008
CNT0370,Noche Oscura,Series,2022,Action,197,1,40,MKT030
CNT0371,Swapno 22,Series,2021,Drama,617,2,120,MKT024
CNT0372,Bari 23,Movie,2025,Romance,111,2,120,MKT024
CNT0373,Moner 24,Series,2024,Romance,401,2,120,MKT001
CNT0374,Khiladi 75,Movie,2024,Thriller,122,2,20,MKT049
CNT0375,Thirai 16,Series,2025,Horror,692,2,90,MKT027
CNT0376,Sombre Rêve,Series,2023,Comedy,387,6,50,MKT045
CNT0377,Star Promise,Movie,2018,Horror,97,1,10,MKT005
CNT0378,Padavi 29,Movie,2023,Comedy,120,2,100,MKT045
CNT0379,Thendi 20,Movie,2020,Drama,97,2,90,MKT007
CNT0380,City Drama,Movie,2022,Sci-Fi,148,3,30,MKT029
CNT0381,Midnight Break,Movie,2018,Romance,167,1,10,MKT045
CNT0382,Yuva 83,Movie,2024,Romance,171,2,20,MKT023
CNT0383,Ithu 24,Movie,2026,Horror,83,2,90,MKT029
CNT0384,Shadow Horizon,Series,2021,Comedy,293,1,10,MKT004
CNT0385,Star Rain,Movie,2022,Romance,162,3,30,MKT038
CNT0386,Final Legacy,Series,2023,Action,811,1,10,MKT006
CNT0387,Amour Rêve,Movie,2024,Sci-Fi,135,1,50,MKT002
CNT0388,Vanna 29,Series,2020,Comedy,431,2,90,MKT029
CNT0389,Noche Sueño,Movie,2018,Thriller,143,5,40,MKT031
CNT0390,After Break,Movie,2018,Sci-Fi,147,1,10,MKT035
CNT0391,Nuit Été,Series,2023,Romance,646,6,50,MKT033
CNT0392,Echo Empire,Movie,2025,Comedy,83,1,10,MKT004
CNT0393,Shadow Legacy,Movie,2021,Romance,100,4,10,MKT043
CNT0394,Ninja Mission,Movie,2023,Romance,177,7,60,MKT025
CNT0395,Echo Break,Series,2023,Romance,475,1,10,MKT045
CNT0396,Sombre Rouge,Series,2021,Action,731,6,50,MKT037
CNT0397,Amor Mundo,Series,2019,Romance,466,9,80,MKT003
CNT0398,Swapno 49,Movie,2021,Thriller,141,2,120,MKT022
CNT0399,Shadow Horizon,Series,2020,Drama,481,6,10,MKT010
CNT0400,Midnight Break,Series,2024,Romance,224,4,10,MKT043
CNT0401,Ithu 2,Movie,2025,Drama,100,2,90,MKT041
CNT0402,Nuit Rouge,Series,2020,Comedy,778,6,50,MKT043
CNT0403,Paris Été,Movie,2018,Horror,173,6,50,MKT026
CNT0404,Star Flight,Movie,2025,Drama,108,9,10,MKT007
CNT0405,After Break,Movie,2023,Horror,120,1,10,MKT006
CNT0406,Sapna 7,Movie,2018,Drama,124,2,20,MKT007
CNT0407,Final Promise,Movie,2026,Sci-Fi,132,6,10,MKT023
CNT0408,Echo Break,Movie,2020,Romance,163,3,10,MKT015
CNT0409,Night Line,Movie,2023,Romance,120,8,70,MKT005
CNT0410,Midnight Flight,Movie,2025,Sci-Fi,91,1,10,MKT040
CNT0411,Amor Perdido,Series,2023,Sci-Fi,594,9,80,MKT007
CNT0412,Shadow Mission,Movie,2022,Comedy,173,3,30,MKT043
CNT0413,After Horizon,Movie,2018,Action,142,1,10,MKT024
CNT0414,Shadow Line,Movie,2021,Drama,141,8,70,MKT002
CNT0415,Sangre Trampa,Movie,2025,Drama,94,10,40,MKT031
CNT0416,Midnight Promise,Series,2020,Drama,339,1,10,MKT024
CNT0417,Shadow of Seoul,Movie,2019,Drama,114,3,30,MKT010
CNT0418,Dream Night,Movie,2018,Drama,176,7,60,MKT036
CNT0419,Amour Été,Series,2025,Romance,853,4,50,MKT016
CNT0420,Segredo Luz,Movie,2020,Sci-Fi,144,9,80,MKT037
CNT0421,After Legacy,Movie,2018,Romance,101,3,10,MKT009
CNT0422,After Flight,Movie,2023,Horror,160,3,10,MKT017
CNT0423,Eternal Empire,Series,2026,Romance,556,1,10,MKT018
CNT0424,Viaje Trampa,Movie,2024,Romance,155,1,40,MKT008
CNT0425,Corazón Sueño,Movie,2019,Thriller,92,4,40,MKT050
CNT0426,Midnight Promise,Series,2025,Romance,570,4,10,MKT042
CNT0427,Eternal Flight,Movie,2024,Sci-Fi,98,1,10,MKT044
CNT0428,Nuit Histoire,Movie,2023,Drama,140,6,50,MKT002
CNT0429,Kadha 30,Series,2020,Drama,862,2,110,MKT015
CNT0430,Star Promise,Movie,2019,Horror,114,3,10,MKT039
CNT0431,Segredo Destino,Movie,2026,Comedy,142,9,80,MKT004
CNT0432,Moner 33,Series,2026,Action,563,2,120,MKT050
CNT0433,Paris Rouge,Series,2025,Action,355,1,50,MKT003
CNT0434,Sombre Rêve,Movie,2019,Drama,139,6,50,MKT041
CNT0435,Moner 36,Series,2026,Comedy,606,2,120,MKT031
CNT0436,Berlin Hour,Movie,2024,Comedy,168,8,70,MKT002
CNT0437,Coeur Rouge,Movie,2024,Romance,108,4,50,MKT018
CNT0438,Blue Night,Movie,2020,Romance,81,7,60,MKT042
CNT0439,Raatri 40,Series,2024,Action,462,2,120,MKT028
CNT0440,Police 1,Series,2024,Sci-Fi,459,2,110,MKT040
CNT0441,Eternal Break,Movie,2022,Action,127,4,10,MKT039
CNT0442,Star Empire,Movie,2022,Action,115,4,10,MKT018
CNT0443,Thirai 4,Series,2024,Horror,679,2,90,MKT004
CNT0444,Midnight Empire,Series,2024,Horror,659,1,10,MKT027
CNT0445,Nuit Rouge,Movie,2026,Action,104,4,50,MKT044
CNT0446,Noite Final,Series,2026,Sci-Fi,669,9,80,MKT043
CNT0447,Shadow Drama,Movie,2023,Action,172,3,30,MKT044
CNT0448,Geetham 49,Series,2022,Comedy,580,2,100,MKT024
CNT0449,Code Circuit,Movie,2019,Sci-Fi,161,8,70,MKT040
CNT0450,Sombre Histoire,Movie,2018,Comedy,128,4,50,MKT027
CNT0451,Eternal Promise,Series,2023,Comedy,569,1,10,MKT010
CNT0452,Ninja Love,Series,2018,Comedy,796,7,60,MKT041
CNT0453,Thirai 14,Movie,2019,Drama,153,2,90,MKT032
CNT0454,Noche Oscura,Movie,2026,Sci-Fi,141,5,40,MKT003
CNT0455,Echo Flight,Movie,2018,Drama,176,10,10,MKT013
CNT0456,Nuit Rouge,Series,2024,Horror,502,6,50,MKT007
CNT0457,Sangre Trampa,Movie,2026,Drama,118,1,40,MKT047
CNT0458,City Secret,Movie,2021,Drama,97,3,30,MKT023
CNT0459,Moon Drama,Movie,2018,Romance,173,3,30,MKT047
CNT0460,Noche Destino,Movie,2026,Comedy,84,1,40,MKT050
CNT0461,Corazón Oscura,Series,2019,Thriller,819,10,40,MKT045
CNT0462,After Legacy,Movie,2018,Sci-Fi,169,1,10,MKT045
CNT0463,Eternal Break,Movie,2024,Horror,159,1,10,MKT009
CNT0464,Shadow Horizon,Series,2021,Action,439,4,10,MKT032
CNT0465,Raatri 16,Series,2024,Romance,356,2,120,MKT046
CNT0466,Amour Histoire,Movie,2018,Action,168,4,50,MKT016
CNT0467,Vento Final,Movie,2026,Action,165,9,80,MKT006
CNT0468,Final Empire,Movie,2025,Horror,109,1,10,MKT017
CNT0469,Midnight Break,Movie,2024,Romance,117,1,10,MKT021
CNT0470,Echo Legacy,Series,2020,Action,159,8,10,MKT043
CNT0471,Corazón Destino,Movie,2020,Sci-Fi,173,10,40,MKT022
CNT0472,Noche Trampa,Movie,2020,Sci-Fi,129,10,40,MKT042
CNT0473,Shadow Promise,Movie,2025,Horror,100,6,10,MKT038
CNT0474,Shadow of Seoul,Series,2020,Horror,517,3,30,MKT044
CNT0475,Shadow Empire,Movie,2023,Sci-Fi,85,1,10,MKT042
CNT0476,Sombre Rouge,Movie,2023,Romance,153,6,50,MKT043
CNT0477,Coeur Rêve,Movie,2024,Horror,164,6,50,MKT023
CNT0478,Paris Rouge,Movie,2025,Romance,86,4,50,MKT033
CNT0479,Luz Destino,Series,2018,Romance,478,1,40,MKT018
CNT0480,Corazón Trampa,Movie,2025,Thriller,110,5,40,MKT029
CNT0481,Star of Seoul,Movie,2024,Sci-Fi,143,3,30,MKT026
CNT0482,Eternal Break,Movie,2026,Thriller,157,1,10,MKT020
CNT0483,Echo Horizon,Movie,2025,Horror,126,6,10,MKT015
CNT0484,Sangre Trampa,Movie,2019,Romance,164,5,40,MKT008
CNT0485,Echo Empire,Series,2026,Comedy,798,1,10,MKT036
CNT0486,Echo Break,Movie,2024,Action,97,1,10,MKT048
CNT0487,Yuva 88,Movie,2021,Thriller,130,2,20,MKT030
CNT0488,Dream Saga,Series,2025,Action,798,7,60,MKT050
CNT0489,Corazón Sueño,Movie,2018,Thriller,143,10,40,MKT048
CNT0490,Shadow Circuit,Movie,2020,Sci-Fi,145,8,70,MKT012
CNT0491,Final Promise,Movie,2021,Horror,144,5,10,MKT039
CNT0492,Luz Trampa,Movie,2026,Drama,97,10,40,MKT039
CNT0493,Eternal Break,Movie,2021,Horror,174,4,10,MKT014
CNT0494,Veera 45,Movie,2020,Horror,166,2,100,MKT046
CNT0495,Sangre Sueño,Movie,2024,Horror,177,5,40,MKT031
CNT0496,Paris Été,Series,2018,Romance,582,4,50,MKT007
CNT0497,Coeur Histoire,Movie,2022,Action,176,6,50,MKT044
CNT0498,Sombre Mystère,Movie,2025,Action,176,6,50,MKT023
CNT0499,Sombre Rêve,Movie,2026,Romance,108,6,50,MKT016
CNT0500,Amour Rêve,Series,2023,Romance,198,6,50,MKT027
CNT0501,Echo Promise,Series,2023,Action,785,1,10,MKT015
CNT0502,Coeur Histoire,Series,2020,Thriller,892,6,50,MKT029
CNT0503,Kadhal 24,Series,2018,Action,676,2,90,MKT025
CNT0504,Vanna 25,Movie,2023,Thriller,154,2,90,MKT001
CNT0505,Paris Été,Movie,2022,Comedy,156,1,50,MKT043
CNT0506,Midnight Flight,Movie,2020,Thriller,170,4,10,MKT015
CNT0507,Final Horizon,Movie,2021,Romance,148,4,10,MKT023
CNT0508,Veera 9,Series,2026,Horror,450,2,100,MKT049
CNT0509,Shadow Break,Movie,2025,Thriller,81,8,10,MKT023
CNT0510,Sangre Trampa,Movie,2024,Horror,85,5,40,MKT008
CNT0511,Raatri 12,Movie,2026,Horror,178,2,120,MKT033
CNT0512,Thendi 33,Movie,2019,Action,121,2,90,MKT006
CNT0513,After Break,Movie,2021,Romance,88,4,10,MKT041
CNT0514,Secret Line,Series,2020,Sci-Fi,869,8,70,MKT048
CNT0515,Khiladi 16,Movie,2022,Horror,89,2,20,MKT012
CNT0516,Final Promise,Movie,2024,Thriller,132,8,10,MKT041
CNT0517,Shadow of Seoul,Movie,2018,Action,80,3,30,MKT049
CNT0518,Raatri 19,Series,2022,Action,258,2,120,MKT044
CNT0519,Sakura Edge,Series,2026,Drama,554,7,60,MKT011
CNT0520,City Drama,Movie,2023,Horror,149,3,30,MKT020
CNT0521,Shadow Horizon,Series,2024,Action,276,4,10,MKT037
CNT0522,Padavi 23,Movie,2026,Action,107,2,100,MKT042
CNT0523,Prema 24,Movie,2018,Comedy,104,2,100,MKT012
CNT0524,Star Mission,Series,2021,Thriller,447,3,30,MKT007
CNT0525,Luz Oscura,Series,2019,Sci-Fi,837,10,40,MKT019
CNT0526,Midnight Break,Series,2020,Drama,825,4,10,MKT038
CNT0527,Shadow Empire,Movie,2021,Drama,101,7,10,MKT016
CNT0528,Star Break,Series,2025,Horror,287,3,10,MKT022
CNT0529,Ninja Mission,Movie,2022,Drama,93,7,60,MKT006
CNT0530,Coração Perdido,Series,2026,Comedy,791,9,80,MKT002
CNT0531,After Horizon,Series,2022,Romance,754,4,10,MKT036
CNT0532,Love Drama,Movie,2022,Thriller,126,3,30,MKT050
CNT0533,Shadow Break,Movie,2020,Thriller,144,4,10,MKT016
CNT0534,Moon Secret,Series,2018,Comedy,729,3,30,MKT023
CNT0535,Veera 36,Movie,2021,Sci-Fi,127,2,100,MKT003
CNT0536,Kadha 17,Movie,2023,Romance,138,2,110,MKT003
CNT0537,Sangre Sueño,Movie,2020,Thriller,174,5,40,MKT035
CNT0538,Sapna 39,Movie,2021,Sci-Fi,146,2,20,MKT025
CNT0539,Dream Saga,Movie,2020,Drama,141,7,60,MKT033
CNT0540,After Legacy,Movie,2023,Comedy,107,1,10,MKT011
CNT0541,Star Horizon,Series,2025,Romance,488,1,10,MKT031
CNT0542,Luz Oscura,Movie,2020,Thriller,82,1,40,MKT009
CNT0543,After Empire,Movie,2026,Thriller,87,1,10,MKT012
CNT0544,Sangre Oscura,Series,2025,Thriller,886,10,40,MKT014
CNT0545,Code Game,Series,2020,Sci-Fi,570,8,70,MKT038
CNT0546,Prathi 47,Series,2019,Thriller,614,2,100,MKT038
CNT0547,Echo Flight,Movie,2024,Sci-Fi,146,1,10,MKT044
CNT0548,Eternal Horizon,Series,2026,Thriller,779,1,10,MKT035
CNT0549,Eternal Horizon,Series,2024,Action,767,4,10,MKT050
CNT0550,Shadow Affair,Movie,2024,Drama,134,8,70,MKT050
CNT0551,Dream Saga,Movie,2020,Romance,169,7,60,MKT028
CNT0552,Dangal 53,Movie,2024,Romance,116,2,20,MKT035
CNT0553,Sombre Mystère,Movie,2018,Action,153,6,50,MKT034
CNT0554,Paris Rouge,Movie,2022,Comedy,126,6,50,MKT028
CNT0555,Love Drama,Movie,2026,Thriller,115,3,30,MKT027
CNT0556,Midnight Empire,Series,2023,Sci-Fi,645,1,10,MKT037
CNT0557,Shadow Break,Series,2025,Sci-Fi,825,6,10,MKT015
CNT0558,Echo Flight,Series,2018,Comedy,496,1,10,MKT040
CNT0559,Final Flight,Movie,2019,Horror,98,1,10,MKT028
CNT0560,Bari 11,Movie,2026,Comedy,84,2,120,MKT026
CNT0561,Noche Trampa,Movie,2021,Thriller,102,1,40,MKT001
CNT0562,Eternal Flight,Series,2021,Romance,763,4,10,MKT045
CNT0563,After Horizon,Series,2024,Horror,150,1,10,MKT018
CNT0564,Star of Seoul,Movie,2022,Sci-Fi,81,3,30,MKT036
CNT0565,Amor Luz,Series,2025,Thriller,433,9,80,MKT013
CNT0566,Shadow Flight,Series,2026,Thriller,668,1,10,MKT005
CNT0567,Echo Flight,Movie,2025,Action,148,7,10,MKT017
CNT0568,Echo Promise,Series,2025,Thriller,497,4,10,MKT044
CNT0569,Final Break,Series,2021,Romance,219,1,10,MKT015
CNT0570,Sangre Magia,Series,2019,Sci-Fi,159,10,40,MKT019
CNT0571,Secret Hour,Movie,2021,Horror,102,8,70,MKT023
CNT0572,Thirai 13,Series,2021,Drama,660,2,90,MKT016
CNT0573,Vanna 14,Series,2019,Comedy,783,2,90,MKT010
CNT0574,Paris Été,Movie,2025,Action,158,6,50,MKT003
CNT0575,Nuit Rêve,Movie,2026,Drama,153,4,50,MKT012
CNT0576,Blue Edge,Movie,2018,Comedy,147,7,60,MKT035
CNT0577,Berlin Circuit,Movie,2023,Sci-Fi,138,8,70,MKT030
CNT0578,Nuit Histoire,Series,2022,Action,253,6,50,MKT040
CNT0579,Swara 20,Movie,2020,Drama,158,2,110,MKT024
CNT0580,Love Mission,Movie,2020,Comedy,126,3,30,MKT029
CNT0581,Nuit Rouge,Movie,2024,Thriller,172,6,50,MKT036
CNT0582,Amour Mystère,Series,2024,Comedy,303,1,50,MKT012
CNT0583,Noche Destino,Movie,2026,Romance,120,5,40,MKT017
CNT0584,Moon Mission,Series,2019,Action,211,3,30,MKT031
CNT0585,Prathi 36,Movie,2023,Drama,151,2,100,MKT017
CNT0586,Pran 37,Movie,2026,Action,105,2,120,MKT037
CNT0587,Prathi 38,Movie,2025,Romance,166,2,100,MKT032
CNT0588,Luz Destino,Series,2024,Sci-Fi,298,5,40,MKT027
CNT0589,Midnight Break,Series,2022,Action,471,1,10,MKT019
CNT0590,Police 31,Series,2025,Sci-Fi,521,2,110,MKT034
CNT0591,Night Line,Movie,2020,Comedy,110,8,70,MKT014
CNT0592,Paris Mystère,Movie,2024,Action,150,1,50,MKT050
CNT0593,Star Promise,Movie,2021,Action,90,1,10,MKT020
CNT0594,Moon of Seoul,Movie,2023,Drama,147,3,30,MKT003
CNT0595,Night Circuit,Series,2020,Drama,703,8,70,MKT029
CNT0596,Star Break,Series,2024,Horror,617,4,10,MKT041
CNT0597,Sombre Rouge,Movie,2025,Horror,141,4,50,MKT006
CNT0598,Prema 49,Movie,2020,Sci-Fi,81,2,100,MKT034
CNT0599,Echo Promise,Movie,2018,Sci-Fi,142,4,10,MKT020
CNT0600,Thendi 1,Series,2021,Romance,157,2,90,MKT024
CNT0601,Love Secret,Movie,2022,Thriller,171,3,30,MKT015
CNT0602,Raatri 3,Movie,2026,Horror,168,2,120,MKT019
CNT0603,Yuva 4,Series,2019,Sci-Fi,336,2,20,MKT019
CNT0604,Moon Mission,Series,2020,Thriller,653,3,30,MKT002
CNT0605,Nuit Rouge,Movie,2025,Thriller,116,1,50,MKT046
CNT0606,Midnight Promise,Series,2025,Comedy,372,1,10,MKT020
CNT0607,Coeur Mystère,Series,2024,Sci-Fi,232,6,50,MKT018
CNT0608,Prema 9,Movie,2021,Sci-Fi,128,2,100,MKT008
CNT0609,Aashiqui 10,Movie,2019,Sci-Fi,105,2,20,MKT048
CNT0610,City Drama,Movie,2018,Comedy,119,3,30,MKT041
CNT0611,Midnight Legacy,Series,2018,Thriller,803,4,10,MKT024
CNT0612,Sangre Oscura,Series,2022,Comedy,594,10,40,MKT011
CNT0613,Dream Edge,Movie,2020,Sci-Fi,85,7,60,MKT045
CNT0614,Police 15,Movie,2018,Action,91,2,110,MKT022
CNT0615,After Promise,Movie,2023,Horror,93,1,10,MKT015
CNT0616,Luz Oscura,Series,2024,Romance,599,5,40,MKT045
CNT0617,Raat 18,Movie,2026,Comedy,142,2,20,MKT029
CNT0618,Midnight Empire,Movie,2025,Horror,149,4,10,MKT047
CNT0619,Paris Été,Movie,2025,Romance,100,4,50,MKT010
CNT0620,Star Flight,Movie,2020,Drama,179,4,10,MKT025
CNT0621,Night Line,Series,2026,Thriller,394,8,70,MKT043
CNT0622,After Flight,Series,2023,Comedy,714,4,10,MKT019
CNT0623,Shadow Legacy,Movie,2018,Drama,88,1,10,MKT012
CNT0624,Raat 25,Movie,2025,Sci-Fi,153,2,20,MKT025
CNT0625,Eternal Break,Movie,2018,Horror,108,4,10,MKT005
CNT0626,Final Break,Series,2023,Comedy,231,5,10,MKT004
CNT0627,Code Hour,Movie,2018,Sci-Fi,87,8,70,MKT034
CNT0628,Kadhal 29,Series,2021,Romance,681,2,90,MKT007
CNT0629,Thirai 30,Movie,2026,Comedy,152,2,90,MKT036
CNT0630,Blue Edge,Movie,2020,Action,166,7,60,MKT007
CNT0631,Shadow Rain,Series,2023,Thriller,311,3,30,MKT029
CNT0632,Noche Trampa,Series,2023,Thriller,530,10,40,MKT047
CNT0633,Star Empire,Series,2025,Thriller,713,4,10,MKT024
CNT0634,Eternal Horizon,Movie,2020,Sci-Fi,116,1,10,MKT034
CNT0635,Nuit Mystère,Series,2022,Drama,369,1,50,MKT050
CNT0636,Paris Mystère,Series,2023,Thriller,308,4,50,MKT030
CNT0637,Moner 38,Movie,2022,Drama,111,2,120,MKT017
CNT0638,Star Empire,Movie,2020,Sci-Fi,89,4,10,MKT031
CNT0639,Sombre Histoire,Movie,2024,Horror,92,6,50,MKT003
CNT0640,Vento Perdido,Movie,2021,Action,135,9,80,MKT050
CNT0641,Noche Oscura,Series,2026,Romance,797,5,40,MKT020
CNT0642,After Legacy,Movie,2024,Thriller,169,4,10,MKT004
CNT0643,Final Empire,Series,2020,Romance,377,4,10,MKT026
CNT0644,Love Mission,Movie,2024,Action,150,3,30,MKT006
CNT0645,Sombre Rouge,Movie,2024,Romance,141,6,50,MKT032
CNT0646,Coeur Rouge,Series,2022,Comedy,686,4,50,MKT005
CNT0647,Amour Rêve,Series,2023,Drama,265,6,50,MKT024
CNT0648,After Empire,Movie,2025,Drama,119,4,10,MKT040
CNT0649,Sangre Magia,Series,2019,Sci-Fi,354,1,40,MKT049
CNT0650,Raatri 1,Movie,2023,Action,98,2,120,MKT001
CNT0651,Swara 12,Series,2026,Action,173,2,110,MKT014
CNT0652,Eternal Break,Movie,2018,Thriller,141,4,10,MKT010
CNT0653,Midnight Legacy,Movie,2022,Horror,87,4,10,MKT045
CNT0654,Noite Destino,Movie,2018,Horror,164,9,80,MKT007
CNT0655,Star Horizon,Movie,2025,Horror,145,3,10,MKT021
CNT0656,Eternal Break,Series,2018,Thriller,618,1,10,MKT002
CNT0657,Veedu 18,Movie,2023,Thriller,130,2,110,MKT002
CNT0658,Sangre Oscura,Series,2022,Drama,663,5,40,MKT041
CNT0659,After Legacy,Series,2024,Romance,436,10,10,MKT022
CNT0660,Sombre Rouge,Series,2021,Action,844,6,50,MKT027
CNT0661,Final Flight,Movie,2021,Sci-Fi,122,10,10,MKT009
CNT0662,Sangre Sueño,Series,2024,Thriller,291,4,40,MKT009
CNT0663,Nuit Mystère,Series,2026,Romance,311,1,50,MKT036
CNT0664,Kadhal 25,Series,2023,Action,894,2,90,MKT049
CNT0665,Sangre Magia,Series,2021,Sci-Fi,802,10,40,MKT050
CNT0666,Nuit Été,Movie,2021,Comedy,158,1,50,MKT037
CNT0667,Amour Rouge,Movie,2025,Comedy,168,6,50,MKT033
CNT0668,Anandam 29,Series,2020,Drama,653,2,110,MKT009
CNT0669,Final Legacy,Movie,2021,Action,114,3,10,MKT048
CNT0670,Sombre Rêve,Series,2023,Action,599,1,50,MKT045
CNT0671,Love Mission,Series,2026,Comedy,772,3,30,MKT026
CNT0672,Blue Saga,Movie,2026,Horror,137,7,60,MKT016
CNT0673,Star Horizon,Movie,2022,Horror,177,1,10,MKT013
CNT0674,Blue Love,Movie,2018,Drama,101,7,60,MKT040
CNT0675,Shadow of Seoul,Series,2026,Comedy,242,3,30,MKT012
CNT0676,Aashiqui 77,Movie,2021,Sci-Fi,102,2,20,MKT038
CNT0677,Kadhal 38,Series,2019,Action,885,2,90,MKT006
CNT0678,Bari 29,Series,2026,Horror,874,2,120,MKT047
CNT0679,Veedu 40,Series,2020,Comedy,194,2,110,MKT022
CNT0680,Sangre Destino,Movie,2025,Comedy,133,1,40,MKT047
CNT0681,Shadow Flight,Movie,2022,Comedy,105,1,10,MKT049
CNT0682,Code Affair,Movie,2021,Sci-Fi,80,8,70,MKT016
CNT0683,Shadow of Seoul,Movie,2026,Sci-Fi,156,3,30,MKT016
CNT0684,Luz Magia,Movie,2023,Horror,86,4,40,MKT004
CNT0685,Midnight Empire,Movie,2018,Romance,157,1,10,MKT006
CNT0686,Star Break,Movie,2026,Comedy,164,1,10,MKT039
CNT0687,Sakura Love,Movie,2023,Sci-Fi,84,7,60,MKT021
CNT0688,Shadow Empire,Series,2020,Romance,713,1,10,MKT031
CNT0689,Pran 40,Movie,2021,Romance,132,2,120,MKT014
CNT0690,Paris Rêve,Series,2022,Action,691,4,50,MKT047
CNT0691,Pran 42,Movie,2020,Romance,153,2,120,MKT023
CNT0692,Echo Legacy,Series,2021,Sci-Fi,654,4,10,MKT040
CNT0693,Echo Horizon,Series,2021,Comedy,790,1,10,MKT048
CNT0694,Moon of Seoul,Series,2021,Sci-Fi,723,3,30,MKT041
CNT0695,Dream Love,Series,2018,Drama,668,7,60,MKT050
CNT0696,Swapno 47,Movie,2021,Drama,158,2,120,MKT012
CNT0697,Coração Final,Movie,2020,Drama,140,9,80,MKT031
CNT0698,Star Horizon,Series,2022,Romance,573,4,10,MKT034
CNT0699,Moner 50,Movie,2023,Horror,82,2,120,MKT037
CNT0700,Kadhal 21,Series,2024,Romance,437,2,90,MKT022
CNT0701,Eternal Horizon,Series,2022,Romance,341,1,10,MKT049
CNT0702,Amour Rouge,Series,2025,Drama,238,6,50,MKT024
CNT0703,Prema 4,Series,2018,Drama,329,2,100,MKT024
CNT0704,Shadow Drama,Series,2023,Action,644,3,30,MKT013
CNT0705,Shadow Line,Series,2020,Horror,485,8,70,MKT034
CNT0706,Star of Seoul,Movie,2018,Action,146,3,30,MKT020
CNT0707,Berlin Circuit,Series,2022,Thriller,197,8,70,MKT050
CNT0708,Thirai 29,Movie,2022,Romance,121,2,90,MKT013
CNT0709,Ninja Night,Movie,2019,Drama,114,7,60,MKT018
CNT0710,Midnight Flight,Movie,2022,Thriller,149,4,10,MKT021
CNT0711,Sakura Love,Movie,2023,Horror,101,7,60,MKT040
CNT0712,Shadow Horizon,Movie,2018,Action,166,1,10,MKT025
CNT0713,Star Break,Movie,2025,Sci-Fi,155,1,10,MKT045
CNT0714,Thendi 35,Series,2025,Drama,880,2,90,MKT006
CNT0715,Shadow Promise,Movie,2025,Action,139,7,10,MKT020
CNT0716,Nuit Rêve,Movie,2023,Comedy,113,1,50,MKT012
CNT0717,Star Mission,Series,2025,Drama,636,3,30,MKT031
CNT0718,Dream Saga,Series,2019,Drama,280,7,60,MKT026
CNT0719,Final Flight,Movie,2021,Horror,139,1,10,MKT027
CNT0720,Midnight Legacy,Series,2024,Thriller,217,1,10,MKT045
CNT0721,After Legacy,Series,2019,Sci-Fi,860,4,10,MKT043
CNT0722,Eternal Promise,Series,2026,Horror,756,4,10,MKT021
CNT0723,Sombre Mystère,Movie,2024,Sci-Fi,88,1,50,MKT044
CNT0724,Viaje Oscura,Movie,2020,Horror,97,5,40,MKT049
CNT0725,Final Legacy,Series,2023,Sci-Fi,741,4,10,MKT014
CNT0726,Noite Perdido,Movie,2018,Romance,135,9,80,MKT038
CNT0727,Star Mission,Series,2018,Thriller,451,3,30,MKT036
CNT0728,Berlin Game,Movie,2024,Thriller,116,8,70,MKT028
CNT0729,Moon Drama,Series,2020,Horror,708,3,30,MKT031
CNT0730,Shadow Hour,Movie,2020,Sci-Fi,133,8,70,MKT043
CNT0731,Noche Magia,Movie,2020,Action,142,5,40,MKT006
CNT0732,Eternal Promise,Series,2020,Sci-Fi,862,8,10,MKT040
CNT0733,After Legacy,Movie,2018,Sci-Fi,125,4,10,MKT028
CNT0734,Amour Été,Movie,2023,Romance,114,6,50,MKT037
CNT0735,Viaje Trampa,Movie,2019,Action,94,4,40,MKT045
CNT0736,Nuit Rêve,Movie,2019,Horror,176,4,50,MKT034
CNT0737,Star Break,Movie,2026,Thriller,174,1,10,MKT005
CNT0738,Echo Horizon,Series,2025,Drama,697,5,10,MKT031
CNT0739,Echo Empire,Movie,2020,Sci-Fi,125,4,10,MKT019
CNT0740,Tokyo Saga,Movie,2025,Thriller,152,7,60,MKT041
CNT0741,Sombre Mystère,Movie,2025,Thriller,174,1,50,MKT019
CNT0742,Luz Sueño,Movie,2022,Thriller,112,1,40,MKT018
CNT0743,Ninja Edge,Series,2020,Action,755,7,60,MKT024
CNT0744,Kadhal 25,Movie,2019,Horror,147,2,90,MKT022
CNT0745,Vento Mundo,Series,2025,Thriller,657,9,80,MKT016
CNT0746,Geetham 47,Series,2019,Comedy,205,2,100,MKT049
CNT0747,Shadow Drama,Movie,2024,Sci-Fi,175,3,30,MKT025
CNT0748,Echo Promise,Movie,2023,Comedy,116,4,10,MKT025
CNT0749,Sangre Trampa,Series,2022,Horror,694,10,40,MKT040
CNT0750,Blue Edge,Movie,2021,Drama,154,7,60,MKT050
CNT0751,Ninja Love,Series,2018,Thriller,843,7,60,MKT036
CNT0752,Shadow Break,Series,2023,Romance,687,1,10,MKT029
CNT0753,Dangal 54,Movie,2018,Drama,83,2,20,MKT006
CNT0754,Coração Perdido,Series,2020,Horror,763,9,80,MKT006
CNT0755,Coração Final,Movie,2022,Romance,103,9,80,MKT017
CNT0756,Echo Promise,Movie,2023,Action,115,5,10,MKT045
CNT0757,Noche Destino,Movie,2022,Romance,128,1,40,MKT004
CNT0758,Eternal Promise,Series,2025,Drama,355,1,10,MKT012
CNT0759,Sakura Edge,Movie,2022,Thriller,162,7,60,MKT046
CNT0760,Noche Oscura,Movie,2020,Action,179,1,40,MKT032
CNT0761,Amor Destino,Series,2018,Action,422,9,80,MKT026
CNT0762,Echo Horizon,Movie,2021,Romance,173,4,10,MKT035
CNT0763,Dream Love,Movie,2022,Horror,152,7,60,MKT022
CNT0764,Viaje Destino,Movie,2025,Horror,126,10,40,MKT006
CNT0765,Noche Magia,Series,2024,Drama,190,5,40,MKT020
CNT0766,Amour Rouge,Series,2018,Horror,797,6,50,MKT009
CNT0767,Corazón Sueño,Movie,2022,Horror,129,10,40,MKT042
CNT0768,Shadow Empire,Movie,2023,Romance,82,7,10,MKT004
CNT0769,Shadow Secret,Series,2026,Action,819,3,30,MKT044
CNT0770,Raat 71,Movie,2025,Thriller,84,2,20,MKT010
CNT0771,Amor Perdido,Series,2018,Sci-Fi,398,9,80,MKT012
CNT0772,Dream Saga,Series,2019,Romance,324,7,60,MKT007
CNT0773,Noche Destino,Movie,2024,Romance,105,5,40,MKT048
CNT0774,Echo Horizon,Movie,2020,Horror,107,4,10,MKT038
CNT0775,Swara 16,Movie,2020,Action,101,2,110,MKT036
CNT0776,Eternal Promise,Movie,2020,Thriller,160,1,10,MKT050
CNT0777,Star Break,Movie,2022,Sci-Fi,91,1,10,MKT038
CNT0778,Ninja Night,Movie,2022,Romance,96,7,60,MKT041
CNT0779,Kadhal 20,Movie,2020,Sci-Fi,158,2,90,MKT039
CNT0780,Sangre Trampa,Series,2026,Thriller,458,10,40,MKT001
CNT0781,Midnight Flight,Movie,2021,Action,159,10,10,MKT033
CNT0782,Corazón Magia,Movie,2025,Horror,104,5,40,MKT044
CNT0783,Nuit Histoire,Movie,2024,Comedy,162,6,50,MKT014
CNT0784,Sakura Saga,Movie,2020,Thriller,85,7,60,MKT035
CNT0785,Star Promise,Movie,2023,Action,110,4,10,MKT038
CNT0786,Paris Histoire,Movie,2019,Horror,179,6,50,MKT015
CNT0787,Berlin Affair,Movie,2025,Sci-Fi,108,8,70,MKT038
CNT0788,Coeur Rêve,Movie,2020,Sci-Fi,138,1,50,MKT024
CNT0789,Midnight Legacy,Movie,2018,Comedy,105,5,10,MKT003
CNT0790,Night Game,Movie,2020,Action,101,8,70,MKT019
CNT0791,Eternal Legacy,Series,2024,Horror,741,10,10,MKT006
CNT0792,Secret Hour,Series,2024,Sci-Fi,634,8,70,MKT001
CNT0793,Veedu 34,Series,2020,Comedy,743,2,110,MKT038
CNT0794,Shadow of Seoul,Series,2026,Action,631,3,30,MKT028
CNT0795,Blue Night,Movie,2026,Romance,137,7,60,MKT006
CNT0796,Midnight Empire,Series,2019,Horror,285,6,10,MKT016
CNT0797,Police 38,Movie,2025,Horror,153,2,110,MKT002
CNT0798,Secret Line,Movie,2019,Comedy,127,8,70,MKT041
CNT0799,Aashiqui 100,Movie,2022,Horror,117,2,20,MKT049
CNT0800,Corazón Sueño,Series,2018,Thriller,851,4,40,MKT022
CNT0801,Aashiqui 2,Movie,2025,Horror,94,2,20,MKT024
CNT0802,Swapno 3,Series,2021,Drama,871,2,120,MKT036
CNT0803,Aashiqui 4,Movie,2021,Drama,163,2,20,MKT048
CNT0804,Prathi 5,Series,2024,Romance,423,2,100,MKT044
CNT0805,Police 6,Movie,2019,Action,142,2,110,MKT034
CNT0806,Amour Été,Movie,2019,Thriller,117,6,50,MKT024
CNT0807,Midnight Horizon,Movie,2020,Sci-Fi,102,1,10,MKT007
CNT0808,Eternal Break,Movie,2022,Horror,106,1,10,MKT002
CNT0809,Final Promise,Movie,2018,Horror,124,4,10,MKT048
CNT0810,Sangre Trampa,Movie,2023,Action,146,1,40,MKT038
CNT0811,Pran 12,Series,2025,Romance,831,2,120,MKT036
CNT0812,Sangre Magia,Movie,2023,Thriller,101,1,40,MKT031
CNT0813,Secret Game,Series,2020,Romance,441,8,70,MKT040
CNT0814,Thirai 15,Series,2021,Drama,875,2,90,MKT011
CNT0815,After Legacy,Movie,2018,Drama,127,4,10,MKT036
CNT0816,Eternal Empire,Series,2018,Drama,316,1,10,MKT008
CNT0817,After Horizon,Movie,2026,Sci-Fi,120,7,10,MKT048
CNT0818,Viaje Magia,Series,2025,Drama,446,5,40,MKT037
CNT0819,Star Flight,Movie,2022,Action,97,6,10,MKT008
CNT0820,Night Line,Movie,2021,Thriller,91,8,70,MKT039
CNT0821,Sakura Saga,Movie,2025,Comedy,105,7,60,MKT035
CNT0822,Sangre Sueño,Series,2026,Action,652,10,40,MKT039
CNT0823,Ithu 24,Series,2024,Horror,883,2,90,MKT024
CNT0824,Prathi 25,Movie,2021,Drama,137,2,100,MKT006
CNT0825,Tokyo Night,Series,2024,Sci-Fi,603,7,60,MKT047
CNT0826,After Legacy,Series,2025,Sci-Fi,238,1,10,MKT020
CNT0827,Noche Oscura,Series,2024,Thriller,754,10,40,MKT001
CNT0828,Shadow Drama,Series,2020,Drama,877,3,30,MKT013
CNT0829,Echo Flight,Series,2025,Drama,459,4,10,MKT020
CNT0830,Sapna 31,Movie,2025,Sci-Fi,99,2,20,MKT020
CNT0831,Amor Perdido,Movie,2022,Horror,142,9,80,MKT008
CNT0832,Eternal Promise,Movie,2025,Action,141,4,10,MKT017
CNT0833,Shadow Empire,Series,2018,Romance,739,1,10,MKT011
CNT0834,Berlin Hour,Movie,2024,Sci-Fi,100,8,70,MKT024
CNT0835,Shadow Flight,Series,2020,Drama,804,1,10,MKT013
CNT0836,Tokyo Love,Series,2023,Thriller,473,7,60,MKT044
CNT0837,Thirai 38,Movie,2022,Thriller,81,2,90,MKT034
CNT0838,Shadow Legacy,Movie,2026,Sci-Fi,100,3,10,MKT010
CNT0839,Dream Mission,Movie,2026,Comedy,168,7,60,MKT046
CNT0840,Shadow Legacy,Series,2025,Romance,228,1,10,MKT002
CNT0841,Police 2,Movie,2023,Horror,156,2,110,MKT049
CNT0842,Luz Magia,Movie,2021,Drama,108,1,40,MKT045
CNT0843,Echo Horizon,Movie,2018,Comedy,168,1,10,MKT005
CNT0844,Shadow Rain,Series,2025,Romance,183,3,30,MKT004
CNT0845,Echo Horizon,Movie,2021,Drama,81,1,10,MKT008
CNT0846,Prema 47,Movie,2022,Comedy,83,2,100,MKT010
CNT0847,Pran 48,Series,2026,Drama,896,2,120,MKT016
CNT0848,Ninja Night,Movie,2020,Action,147,7,60,MKT019
CNT0849,Viaje Trampa,Series,2020,Thriller,369,1,40,MKT024
CNT0850,Padavi 1,Movie,2026,Action,128,2,100,MKT014
CNT0851,Sakura Mission,Movie,2025,Action,139,7,60,MKT009
CNT0852,Sapna 53,Series,2019,Horror,234,2,20,MKT032
CNT0853,Luz Sueño,Movie,2022,Sci-Fi,136,5,40,MKT027
CNT0854,Raat 55,Series,2020,Sci-Fi,637,2,20,MKT024
CNT0855,Eternal Break,Movie,2019,Horror,136,4,10,MKT044
CNT0856,Moon of Seoul,Movie,2021,Sci-Fi,93,3,30,MKT024
CNT0857,Secret Affair,Movie,2022,Thriller,109,8,70,MKT018
CNT0858,Viaje Trampa,Series,2026,Romance,637,5,40,MKT032
CNT0859,Love Drama,Movie,2020,Romance,142,3,30,MKT041
CNT0860,Shadow Legacy,Movie,2023,Horror,166,1,10,MKT025
CNT0861,Viaje Trampa,Movie,2021,Thriller,164,5,40,MKT030
CNT0862,Echo Flight,Movie,2018,Sci-Fi,123,4,10,MKT035
CNT0863,Final Promise,Series,2024,Action,271,10,10,MKT021
CNT0864,Midnight Break,Movie,2025,Action,179,1,10,MKT011
CNT0865,Sombre Rêve,Movie,2026,Drama,94,6,50,MKT043
CNT0866,Shadow of Seoul,Series,2022,Thriller,310,3,30,MKT026
CNT0867,Sangre Oscura,Movie,2018,Sci-Fi,116,5,40,MKT002
CNT0868,Raatri 19,Movie,2019,Drama,83,2,120,MKT025
CNT0869,Moon Drama,Movie,2022,Drama,111,3,30,MKT042
CNT0870,After Horizon,Movie,2023,Horror,123,1,10,MKT035
CNT0871,Night Line,Movie,2025,Horror,133,8,70,MKT045
CNT0872,Police 33,Movie,2025,Drama,121,2,110,MKT007
CNT0873,Swara 34,Movie,2022,Horror,144,2,110,MKT011
CNT0874,Yuva 75,Movie,2022,Sci-Fi,148,2,20,MKT019
CNT0875,Star Rain,Movie,2023,Thriller,175,3,30,MKT007
CNT0876,Tokyo Saga,Movie,2022,Thriller,106,7,60,MKT042
CNT0877,Love Secret,Movie,2026,Drama,105,3,30,MKT017
CNT0878,Sombre Rouge,Movie,2025,Romance,160,4,50,MKT037
CNT0879,Dream Mission,Movie,2024,Romance,161,7,60,MKT050
CNT0880,Noche Magia,Series,2020,Horror,523,5,40,MKT016
CNT0881,Swara 2,Series,2021,Romance,570,2,110,MKT005
CNT0882,Code Game,Series,2021,Drama,412,8,70,MKT026
CNT0883,Noche Trampa,Movie,2024,Comedy,119,1,40,MKT036
CNT0884,Prema 35,Movie,2022,Action,97,2,100,MKT017
CNT0885,Noche Oscura,Series,2019,Comedy,889,5,40,MKT004
CNT0886,Midnight Break,Movie,2019,Drama,132,8,10,MKT043
CNT0887,Sombre Été,Movie,2026,Romance,94,6,50,MKT008
CNT0888,Final Horizon,Series,2019,Thriller,407,9,10,MKT016
CNT0889,Moner 40,Series,2021,Drama,549,2,120,MKT028
CNT0890,Padavi 41,Movie,2018,Comedy,136,2,100,MKT017
CNT0891,Amour Rêve,Movie,2021,Drama,149,6,50,MKT044
CNT0892,Noite Destino,Series,2018,Romance,882,9,80,MKT002
CNT0893,Ninja Love,Series,2024,Horror,837,7,60,MKT036
CNT0894,Yuva 95,Movie,2024,Horror,148,2,20,MKT029
CNT0895,Shadow Legacy,Movie,2021,Sci-Fi,118,9,10,MKT020
CNT0896,Vento Perdido,Series,2019,Comedy,809,9,80,MKT018
CNT0897,Love of Seoul,Series,2022,Sci-Fi,490,3,30,MKT011
CNT0898,City Secret,Movie,2018,Drama,150,3,30,MKT045
CNT0899,Luz Oscura,Series,2021,Horror,806,5,40,MKT026
CNT0900,Eternal Break,Series,2020,Drama,405,4,10,MKT050
CNT0901,Final Break,Series,2022,Horror,612,3,10,MKT009
CNT0902,Berlin Affair,Movie,2020,Thriller,105,8,70,MKT024
CNT0903,Shadow Horizon,Movie,2021,Sci-Fi,108,9,10,MKT036
CNT0904,Ithu 25,Series,2024,Sci-Fi,200,2,90,MKT040
CNT0905,Shadow Horizon,Series,2026,Comedy,730,1,10,MKT046
CNT0906,Shadow Game,Movie,2022,Sci-Fi,108,8,70,MKT018
CNT0907,Coeur Histoire,Series,2021,Sci-Fi,764,1,50,MKT047
CNT0908,Ninja Mission,Movie,2021,Sci-Fi,113,7,60,MKT029
CNT0909,Luz Destino,Movie,2024,Horror,140,5,40,MKT045
CNT0910,City of Seoul,Series,2026,Horror,761,3,30,MKT007
CNT0911,Segredo Luz,Movie,2018,Drama,125,9,80,MKT046
CNT0912,Sangre Magia,Movie,2018,Thriller,130,5,40,MKT036
CNT0913,Final Legacy,Movie,2023,Drama,123,1,10,MKT006
CNT0914,After Promise,Series,2023,Sci-Fi,195,1,10,MKT018
CNT0915,Segredo Destino,Series,2020,Drama,420,9,80,MKT028
CNT0916,Blue Saga,Movie,2020,Sci-Fi,164,7,60,MKT013
CNT0917,Final Promise,Movie,2025,Comedy,170,1,10,MKT008
CNT0918,Noche Oscura,Movie,2020,Drama,138,10,40,MKT047
CNT0919,Veera 20,Movie,2026,Action,103,2,100,MKT048
CNT0920,Coração Luz,Series,2020,Thriller,747,9,80,MKT050
CNT0921,Kadha 2,Movie,2018,Action,166,2,110,MKT022
CNT0922,Echo Empire,Movie,2018,Horror,93,1,10,MKT010
CNT0923,Nuit Été,Movie,2018,Romance,160,6,50,MKT043
CNT0924,Star Break,Movie,2020,Action,121,5,10,MKT037
CNT0925,Sakura Mission,Movie,2024,Action,87,7,60,MKT039
CNT0926,Paris Mystère,Movie,2020,Drama,131,1,50,MKT014
CNT0927,Vanna 8,Movie,2024,Sci-Fi,95,2,90,MKT032
CNT0928,Coração Destino,Series,2021,Drama,517,9,80,MKT033
CNT0929,Star Secret,Movie,2020,Sci-Fi,134,3,30,MKT024
CNT0930,Star Legacy,Movie,2020,Sci-Fi,139,1,10,MKT042
CNT0931,Noche Trampa,Series,2025,Thriller,447,5,40,MKT006
CNT0932,Sombre Rêve,Movie,2018,Comedy,111,6,50,MKT019
CNT0933,Shadow Promise,Movie,2022,Action,132,4,10,MKT043
CNT0934,Star Break,Movie,2020,Thriller,94,1,10,MKT030
CNT0935,City Mission,Series,2025,Romance,871,3,30,MKT038
CNT0936,Luz Magia,Series,2022,Sci-Fi,341,5,40,MKT006
CNT0937,Star of Seoul,Series,2025,Action,554,3,30,MKT011
CNT0938,Star Promise,Movie,2023,Sci-Fi,157,8,10,MKT020
CNT0939,Coeur Rouge,Series,2021,Horror,239,6,50,MKT001
CNT0940,Coeur Rêve,Movie,2020,Action,83,6,50,MKT042
CNT0941,After Horizon,Series,2025,Sci-Fi,701,8,10,MKT020
CNT0942,Star Break,Movie,2025,Sci-Fi,99,1,10,MKT029
CNT0943,Shadow Secret,Movie,2023,Romance,117,3,30,MKT004
CNT0944,Secret Circuit,Movie,2026,Horror,133,8,70,MKT039
CNT0945,Star Flight,Series,2025,Action,755,4,10,MKT044
CNT0946,Eternal Horizon,Movie,2024,Action,120,4,10,MKT018
CNT0947,Amour Rêve,Series,2020,Action,505,4,50,MKT002
CNT0948,Moon Rain,Movie,2023,Comedy,144,3,30,MKT044
CNT0949,Night Affair,Series,2023,Romance,284,8,70,MKT027
CNT0950,Sangre Oscura,Series,2025,Romance,362,10,40,MKT043
CNT0951,Final Empire,Movie,2021,Comedy,133,1,10,MKT016
CNT0952,Veera 3,Movie,2026,Action,125,2,100,MKT012
CNT0953,Yuva 54,Movie,2026,Action,159,2,20,MKT008
CNT0954,Corazón Sueño,Movie,2020,Drama,178,10,40,MKT018
CNT0955,Shadow Promise,Series,2019,Romance,873,4,10,MKT030
CNT0956,Viaje Oscura,Series,2019,Romance,254,5,40,MKT033
CNT0957,Star Empire,Movie,2025,Action,100,8,10,MKT046
CNT0958,Nuit Histoire,Series,2019,Sci-Fi,812,6,50,MKT009
CNT0959,Luz Trampa,Series,2022,Sci-Fi,156,10,40,MKT022
CNT0960,Veedu 1,Movie,2026,Action,126,2,110,MKT010
CNT0961,Final Flight,Movie,2023,Comedy,132,1,10,MKT044
CNT0962,Shadow Horizon,Series,2023,Sci-Fi,679,1,10,MKT022
CNT0963,Shadow Break,Movie,2020,Romance,177,1,10,MKT042
CNT0964,Eternal Empire,Series,2024,Action,826,10,10,MKT027
CNT0965,Midnight Horizon,Series,2026,Horror,471,4,10,MKT018
CNT0966,Sombre Été,Series,2025,Comedy,360,6,50,MKT040
CNT0967,Tokyo Saga,Series,2026,Romance,352,7,60,MKT003
CNT0968,Eternal Empire,Movie,2019,Horror,146,6,10,MKT014
CNT0969,Corazón Oscura,Movie,2022,Drama,100,4,40,MKT035
CNT0970,Kadha 11,Movie,2018,Romance,144,2,110,MKT047
CNT0971,Corazón Trampa,Series,2018,Drama,198,5,40,MKT020
CNT0972,Star Break,Movie,2026,Comedy,152,7,10,MKT043
CNT0973,Prathi 24,Series,2020,Comedy,832,2,100,MKT044
CNT0974,Sombre Rouge,Series,2023,Thriller,678,6,50,MKT050
CNT0975,Paris Mystère,Movie,2020,Comedy,90,6,50,MKT028
CNT0976,Eternal Flight,Movie,2024,Sci-Fi,131,1,10,MKT034
CNT0977,Star Promise,Series,2024,Thriller,600,4,10,MKT047
CNT0978,After Break,Series,2026,Comedy,618,4,10,MKT033
CNT0979,Shadow Mission,Movie,2024,Comedy,100,3,30,MKT008
CNT0980,Shadow Empire,Movie,2023,Drama,99,4,10,MKT020
CNT0981,Eternal Promise,Movie,2022,Sci-Fi,180,1,10,MKT004
CNT0982,Kadha 23,Series,2023,Comedy,152,2,110,MKT036
CNT0983,Love Mission,Movie,2025,Action,152,3,30,MKT025
CNT0984,Noche Trampa,Series,2025,Romance,666,5,40,MKT043
CNT0985,Pran 36,Movie,2024,Horror,165,2,120,MKT027
CNT0986,Aashiqui 87,Movie,2022,Sci-Fi,165,2,20,MKT048
CNT0987,Echo Break,Series,2026,Romance,795,1,10,MKT020
CNT0988,Eternal Flight,Series,2018,Horror,783,4,10,MKT049
CNT0989,Kadha 30,Series,2026,Thriller,664,2,110,MKT008
CNT0990,Thendi 31,Movie,2019,Action,111,2,90,MKT029
CNT0991,Bari 42,Series,2023,Thriller,196,2,120,MKT002
CNT0992,Midnight Horizon,Movie,2019,Sci-Fi,128,1,10,MKT008
CNT0993,After Empire,Movie,2020,Drama,91,1,10,MKT027
CNT0994,Aashiqui 95,Movie,2023,Drama,118,2,20,MKT007
CNT0995,Yuva 96,Movie,2021,Drama,86,2,20,MKT016
CNT0996,Paris Histoire,Movie,2026,Romance,114,4,50,MKT030
CNT0997,Midnight Flight,Movie,2019,Sci-Fi,82,1,10,MKT038
CNT0998,Noche Trampa,Movie,2026,Thriller,152,5,40,MKT006
CNT0999,Thirai 40,Movie,2024,Comedy,180,2,90,MKT035
CNT1000,Shadow Mission,Series,2020,Thriller,625,3,30,MKT042
CNT1001,Padavi 2,Movie,2021,Sci-Fi,167,2,100,MKT023
CNT1002,Thendi 3,Movie,2019,Thriller,174,2,90,MKT037
CNT1003,Sombre Histoire,Movie,2021,Sci-Fi,172,6,50,MKT028
CNT1004,Geetham 5,Series,2025,Romance,800,2,100,MKT049
CNT1005,Viaje Destino,Movie,2020,Horror,138,10,40,MKT002
CNT1006,Luz Trampa,Series,2025,Action,159,5,40,MKT036
CNT1007,Paris Été,Series,2025,Thriller,816,1,50,MKT002
CNT1008,Sangre Trampa,Series,2018,Drama,765,10,40,MKT012
CNT1009,Coração Destino,Movie,2023,Drama,108,9,80,MKT044
CNT1010,Luz Magia,Movie,2023,Romance,171,5,40,MKT032
CNT1011,Coração Final,Movie,2024,Sci-Fi,106,9,80,MKT041
CNT1012,After Break,Movie,2020,Drama,150,4,10,MKT048
CNT1013,Ninja Mission,Movie,2022,Comedy,152,7,60,MKT047
CNT1014,Sombre Été,Movie,2026,Horror,166,1,50,MKT017
CNT1015,Coração Destino,Series,2024,Action,815,9,80,MKT028
CNT1016,Echo Horizon,Movie,2021,Horror,146,4,10,MKT047
CNT1017,After Empire,Movie,2018,Sci-Fi,130,4,10,MKT006
CNT1018,Luz Magia,Series,2023,Comedy,226,10,40,MKT011
CNT1019,Corazón Sueño,Movie,2023,Horror,135,5,40,MKT041
CNT1020,Echo Horizon,Series,2026,Comedy,498,1,10,MKT022
CNT1021,Blue Mission,Series,2019,Action,247,7,60,MKT008
CNT1022,Khiladi 23,Series,2018,Action,280,2,20,MKT029
CNT1023,Shadow of Seoul,Movie,2024,Horror,87,3,30,MKT019
CNT1024,Dream Saga,Movie,2024,Thriller,156,7,60,MKT030
CNT1025,Berlin Affair,Movie,2023,Sci-Fi,123,8,70,MKT034
CNT1026,Eternal Legacy,Movie,2020,Action,88,1,10,MKT037
CNT1027,Police 28,Series,2020,Drama,892,2,110,MKT029
CNT1028,Final Flight,Movie,2023,Romance,154,1,10,MKT042
CNT1029,Dream Love,Movie,2023,Thriller,119,7,60,MKT019
CNT1030,After Flight,Series,2018,Thriller,208,4,10,MKT036
CNT1031,Corazón Destino,Movie,2025,Comedy,105,10,40,MKT013
CNT1032,Eternal Empire,Series,2022,Sci-Fi,742,4,10,MKT040
CNT1033,Amour Rouge,Movie,2021,Comedy,85,1,50,MKT001
CNT1034,Noche Magia,Series,2020,Sci-Fi,489,5,40,MKT026
CNT1035,Khiladi 36,Series,2019,Action,516,2,20,MKT036
CNT1036,Raatri 37,Movie,2018,Sci-Fi,177,2,120,MKT003
CNT1037,Coeur Histoire,Movie,2021,Drama,172,1,50,MKT036
CNT1038,Shadow Break,Movie,2024,Action,92,1,10,MKT009
CNT1039,Ithu 40,Series,2023,Action,462,2,90,MKT016
CNT1040,Final Break,Series,2019,Horror,788,1,10,MKT005
CNT1041,Tokyo Love,Movie,2024,Comedy,128,7,60,MKT039
CNT1042,Amor Luz,Series,2020,Comedy,751,9,80,MKT019
CNT1043,Viaje Sueño,Movie,2021,Action,96,5,40,MKT032
CNT1044,Moon Rain,Series,2026,Romance,216,3,30,MKT025
CNT1045,Shadow Secret,Movie,2025,Thriller,127,3,30,MKT046
CNT1046,Star Horizon,Movie,2021,Thriller,154,3,10,MKT014
CNT1047,Secret Affair,Series,2020,Sci-Fi,463,8,70,MKT037
CNT1048,Khiladi 49,Series,2025,Drama,287,2,20,MKT019
CNT1049,Midnight Promise,Movie,2025,Comedy,159,4,10,MKT029
CNT1050,Sakura Night,Movie,2021,Drama,128,7,60,MKT029
CNT1051,Dangal 52,Movie,2026,Action,117,2,20,MKT033
CNT1052,Kadhal 13,Series,2023,Romance,250,2,90,MKT005
CNT1053,Geetham 4,Movie,2022,Comedy,112,2,100,MKT048
CNT1054,Star Break,Movie,2022,Thriller,176,10,10,MKT035
CNT1055,Padavi 6,Movie,2018,Drama,180,2,100,MKT026
CNT1056,After Legacy,Movie,2021,Thriller,130,10,10,MKT047
CNT1057,Star Promise,Movie,2019,Thriller,139,4,10,MKT022
CNT1058,After Promise,Movie,2026,Comedy,133,3,10,MKT029
CNT1059,Shadow Promise,Movie,2023,Comedy,174,4,10,MKT043
CNT1060,Shadow Mission,Movie,2018,Sci-Fi,177,3,30,MKT021
CNT1061,Segredo Luz,Movie,2024,Action,122,9,80,MKT039
CNT1062,Amor Mundo,Series,2023,Comedy,545,9,80,MKT007
CNT1063,Corazón Sueño,Movie,2018,Sci-Fi,101,5,40,MKT012
CNT1064,Final Empire,Series,2021,Thriller,221,4,10,MKT014
CNT1065,Shadow Legacy,Movie,2024,Thriller,146,1,10,MKT021
CNT1066,Shadow Promise,Movie,2020,Action,175,1,10,MKT014
CNT1067,Moon Rain,Series,2022,Drama,636,3,30,MKT037
CNT1068,Paris Rouge,Movie,2019,Thriller,105,6,50,MKT029
CNT1069,Blue Edge,Series,2018,Thriller,732,7,60,MKT030
CNT1070,Star Break,Series,2024,Drama,505,5,10,MKT020
CNT1071,Code Affair,Series,2024,Romance,333,8,70,MKT030
CNT1072,Paris Rouge,Series,2022,Comedy,865,6,50,MKT011
CNT1073,Raat 74,Series,2021,Thriller,864,2,20,MKT047
CNT1074,Corazón Oscura,Series,2023,Sci-Fi,527,10,40,MKT033
CNT1075,Bari 26,Movie,2019,Comedy,85,2,120,MKT002
CNT1076,Ninja Edge,Series,2018,Horror,558,7,60,MKT003
CNT1077,Vento Mundo,Movie,2019,Horror,175,9,80,MKT030
CNT1078,Anandam 39,Movie,2020,Horror,97,2,110,MKT018
CNT1079,Viaje Trampa,Movie,2019,Action,95,5,40,MKT011
CNT1080,Coeur Rouge,Series,2018,Action,516,6,50,MKT046
CNT1081,Dangal 82,Series,2019,Thriller,800,2,20,MKT042
CNT1082,Love Drama,Movie,2023,Drama,86,3,30,MKT016
CNT1083,Midnight Legacy,Series,2019,Comedy,164,1,10,MKT044
CNT1084,Ninja Saga,Movie,2026,Action,101,7,60,MKT027
CNT1085,Thirai 6,Movie,2024,Drama,159,2,90,MKT035
CNT1086,Sapna 87,Series,2018,Action,515,2,20,MKT012
CNT1087,Shadow Break,Movie,2023,Drama,108,1,10,MKT018
CNT1088,Star Rain,Movie,2020,Comedy,143,3,30,MKT037
CNT1089,Amour Rouge,Movie,2020,Action,169,4,50,MKT022
CNT1090,Swara 11,Series,2025,Horror,219,2,110,MKT002
CNT1091,Sakura Night,Movie,2019,Horror,170,7,60,MKT002
CNT1092,Star Drama,Movie,2025,Horror,90,3,30,MKT024
CNT1093,Raat 94,Movie,2025,Comedy,110,2,20,MKT039
CNT1094,Eternal Promise,Series,2022,Drama,190,1,10,MKT042
CNT1095,Shadow Circuit,Series,2021,Comedy,398,8,70,MKT004
CNT1096,Sombre Histoire,Series,2025,Horror,540,6,50,MKT012
CNT1097,Berlin Game,Series,2020,Action,347,8,70,MKT014
CNT1098,Luz Sueño,Movie,2024,Thriller,106,4,40,MKT006
CNT1099,After Flight,Series,2022,Drama,584,1,10,MKT016
CNT1100,Noche Oscura,Movie,2024,Sci-Fi,180,10,40,MKT024
CNT1101,Love Drama,Movie,2018,Sci-Fi,174,3,30,MKT031
CNT1102,Code Circuit,Series,2026,Sci-Fi,457,8,70,MKT010
CNT1103,Love Rain,Series,2025,Drama,440,3,30,MKT039
CNT1104,Paris Mystère,Movie,2023,Comedy,104,6,50,MKT033
CNT1105,Final Promise,Movie,2019,Sci-Fi,127,9,10,MKT020
CNT1106,Luz Magia,Movie,2024,Action,152,10,40,MKT049
CNT1107,Vento Destino,Series,2018,Romance,671,9,80,MKT045
CNT1108,Nuit Mystère,Series,2020,Sci-Fi,185,6,50,MKT045
CNT1109,Segredo Luz,Movie,2020,Sci-Fi,111,9,80,MKT043
CNT1110,Noche Sueño,Movie,2026,Romance,129,1,40,MKT006
CNT1111,Midnight Flight,Series,2024,Sci-Fi,858,1,10,MKT035
CNT1112,Echo Horizon,Movie,2023,Horror,173,3,10,MKT007
CNT1113,Star Empire,Series,2020,Drama,557,7,10,MKT001
CNT1114,Viaje Trampa,Series,2022,Action,577,1,40,MKT042
CNT1115,After Promise,Series,2026,Comedy,287,1,10,MKT012
CNT1116,Shadow Break,Series,2021,Sci-Fi,355,4,10,MKT012
CNT1117,Star Drama,Movie,2022,Romance,159,3,30,MKT006
CNT1118,Prathi 19,Movie,2025,Action,83,2,100,MKT016
CNT1119,Shadow Break,Movie,2018,Romance,176,1,10,MKT038
CNT1120,Tokyo Edge,Movie,2023,Thriller,146,7,60,MKT031
CNT1121,Veera 22,Series,2024,Drama,472,2,100,MKT024
CNT1122,Shadow Promise,Movie,2024,Action,92,10,10,MKT045
CNT1123,Midnight Break,Series,2021,Comedy,693,1,10,MKT049
CNT1124,Final Break,Movie,2018,Thriller,145,6,10,MKT013
CNT1125,Geetham 26,Series,2025,Romance,196,2,100,MKT044
CNT1126,City Secret,Movie,2019,Sci-Fi,90,3,30,MKT031
CNT1127,Viaje Sueño,Series,2020,Drama,682,5,40,MKT003
CNT1128,Moner 29,Movie,2019,Action,139,2,120,MKT029
CNT1129,Kadhal 10,Movie,2024,Thriller,101,2,90,MKT007
CNT1130,Nuit Rouge,Series,2022,Action,542,1,50,MKT047
CNT1131,Star Break,Series,2019,Horror,697,1,10,MKT032
CNT1132,Shadow Break,Series,2024,Drama,765,8,10,MKT022
CNT1133,Sombre Rêve,Series,2021,Horror,807,6,50,MKT015
CNT1134,Eternal Legacy,Movie,2019,Drama,174,1,10,MKT048
CNT1135,Star Horizon,Movie,2018,Comedy,153,8,10,MKT020
CNT1136,Echo Empire,Movie,2020,Comedy,120,8,10,MKT044
CNT1137,Eternal Promise,Movie,2020,Thriller,81,4,10,MKT021
CNT1138,Shadow Circuit,Series,2020,Drama,616,8,70,MKT019
CNT1139,Tokyo Love,Series,2019,Romance,763,7,60,MKT033
CNT1140,Amour Histoire,Movie,2024,Romance,107,6,50,MKT046
CNT1141,Thirai 22,Movie,2018,Romance,173,2,90,MKT045
CNT1142,Midnight Break,Series,2018,Romance,551,1,10,MKT011
CNT1143,Love Secret,Movie,2026,Drama,124,3,30,MKT005
CNT1144,Amour Mystère,Series,2023,Drama,711,6,50,MKT009
CNT1145,Night Affair,Series,2020,Thriller,876,8,70,MKT042
CNT1146,Coeur Rouge,Movie,2021,Sci-Fi,98,6,50,MKT048
CNT1147,Moner 48,Series,2024,Action,254,2,120,MKT025
CNT1148,Amor Perdido,Series,2026,Comedy,635,9,80,MKT008
CNT1149,Love Drama,Series,2019,Thriller,889,3,30,MKT003
CNT1150,Bari 1,Movie,2019,Sci-Fi,102,2,120,MKT050
CNT1151,Blue Love,Series,2019,Romance,797,7,60,MKT001
CNT1152,After Horizon,Movie,2025,Action,145,4,10,MKT038
CNT1153,Final Break,Movie,2024,Horror,129,1,10,MKT045
CNT1154,After Promise,Movie,2018,Comedy,148,1,10,MKT045
CNT1155,Corazón Sueño,Movie,2026,Romance,142,4,40,MKT038
CNT1156,Corazón Magia,Series,2020,Romance,362,5,40,MKT039
CNT1157,Dream Night,Movie,2020,Sci-Fi,96,7,60,MKT042
CNT1158,Code Hour,Movie,2026,Drama,95,8,70,MKT024
CNT1159,Echo Empire,Movie,2026,Horror,146,1,10,MKT043
CNT1160,Eternal Flight,Movie,2021,Thriller,125,4,10,MKT033
CNT1161,Ninja Love,Series,2020,Horror,342,7,60,MKT014
CNT1162,Eternal Promise,Series,2026,Comedy,896,4,10,MKT005
CNT1163,Corazón Destino,Movie,2024,Sci-Fi,138,5,40,MKT044
CNT1164,Midnight Break,Series,2021,Comedy,900,4,10,MKT045
CNT1165,Luz Trampa,Series,2023,Thriller,769,5,40,MKT010
CNT1166,Swapno 17,Series,2019,Sci-Fi,403,2,120,MKT018
CNT1167,Shadow Empire,Movie,2022,Horror,161,4,10,MKT022
CNT1168,Aashiqui 69,Movie,2024,Romance,92,2,20,MKT015
CNT1169,Noite Luz,Series,2019,Romance,895,9,80,MKT032
CNT1170,Eternal Horizon,Movie,2020,Horror,114,4,10,MKT004
CNT1171,Shadow Rain,Movie,2024,Romance,174,3,30,MKT039
CNT1172,Moner 23,Movie,2020,Comedy,171,2,120,MKT043
CNT1173,Nuit Rouge,Movie,2024,Thriller,172,6,50,MKT044
CNT1174,Shadow Mission,Series,2024,Comedy,629,3,30,MKT018
CNT1175,Coração Destino,Movie,2023,Horror,119,9,80,MKT027
CNT1176,Luz Sueño,Series,2019,Horror,245,1,40,MKT004
CNT1177,Vento Luz,Series,2020,Thriller,160,9,80,MKT047
CNT1178,Paris Rêve,Movie,2021,Thriller,148,6,50,MKT001
CNT1179,Star Empire,Series,2026,Horror,697,1,10,MKT016
CNT1180,Echo Flight,Series,2020,Action,840,5,10,MKT015
CNT1181,Final Promise,Movie,2020,Romance,86,1,10,MKT025
CNT1182,Kadhal 23,Movie,2022,Action,149,2,90,MKT019
CNT1183,Moner 34,Movie,2026,Drama,130,2,120,MKT020
CNT1184,Shadow Empire,Series,2025,Action,649,9,10,MKT001
CNT1185,After Promise,Movie,2018,Drama,172,1,10,MKT023
CNT1186,Moner 37,Movie,2019,Sci-Fi,145,2,120,MKT027
CNT1187,Final Promise,Series,2022,Action,381,1,10,MKT024
CNT1188,Star Promise,Movie,2020,Comedy,136,4,10,MKT011
CNT1189,Coeur Mystère,Movie,2022,Sci-Fi,170,1,50,MKT013
CNT1190,Moon Drama,Movie,2022,Sci-Fi,84,3,30,MKT031
CNT1191,Luz Destino,Movie,2024,Sci-Fi,171,4,40,MKT049
CNT1192,Berlin Line,Movie,2020,Horror,94,8,70,MKT009
CNT1193,Tokyo Edge,Movie,2018,Action,166,7,60,MKT039
CNT1194,Aashiqui 95,Movie,2020,Drama,177,2,20,MKT016
CNT1195,Raat 96,Series,2024,Comedy,419,2,20,MKT016
CNT1196,Dream Mission,Movie,2021,Horror,173,7,60,MKT012
CNT1197,Luz Trampa,Series,2022,Thriller,273,5,40,MKT003
CNT1198,Star Secret,Series,2026,Comedy,243,3,30,MKT027
CNT1199,Noche Oscura,Movie,2024,Horror,134,10,40,MKT033
CNT1200,Star Promise,Series,2023,Drama,509,1,10,MKT016
CNT1201,After Empire,Series,2022,Comedy,479,1,10,MKT031
CNT1202,City Mission,Series,2019,Action,653,3,30,MKT020
CNT1203,Nuit Histoire,Movie,2023,Action,96,6,50,MKT048
CNT1204,Midnight Legacy,Series,2024,Thriller,815,4,10,MKT038
CNT1205,Corazón Sueño,Movie,2021,Action,95,1,40,MKT042
CNT1206,Segredo Destino,Movie,2025,Sci-Fi,149,9,80,MKT020
CNT1207,After Promise,Series,2022,Comedy,280,4,10,MKT036
CNT1208,Midnight Promise,Series,2019,Romance,505,8,10,MKT041
CNT1209,Echo Horizon,Series,2022,Action,665,4,10,MKT011
CNT1210,Moner 11,Series,2024,Comedy,212,2,120,MKT048
CNT1211,Final Flight,Movie,2026,Thriller,101,8,10,MKT025
CNT1212,Luz Sueño,Series,2018,Sci-Fi,153,5,40,MKT014
CNT1213,Eternal Empire,Series,2021,Romance,887,4,10,MKT020
CNT1214,Eternal Legacy,Movie,2018,Drama,85,4,10,MKT019
CNT1215,Amor Final,Series,2019,Drama,202,9,80,MKT035
CNT1216,Shadow Break,Movie,2022,Drama,121,5,10,MKT036
CNT1217,Coração Destino,Series,2022,Sci-Fi,208,9,80,MKT015
CNT1218,Sombre Mystère,Movie,2024,Action,179,4,50,MKT047
CNT1219,Shadow Affair,Series,2023,Drama,714,8,70,MKT015
CNT1220,After Promise,Movie,2024,Thriller,130,5,10,MKT015
CNT1221,Echo Legacy,Movie,2025,Sci-Fi,103,1,10,MKT013
CNT1222,Luz Trampa,Series,2021,Comedy,316,5,40,MKT044
CNT1223,Love of Seoul,Movie,2026,Action,162,3,30,MKT047
CNT1224,Blue Saga,Movie,2018,Romance,128,7,60,MKT008
CNT1225,Noite Final,Series,2018,Horror,235,9,80,MKT041
CNT1226,Corazón Magia,Series,2025,Action,496,10,40,MKT009
CNT1227,Ninja Night,Series,2026,Sci-Fi,640,7,60,MKT004
CNT1228,Shadow Flight,Series,2019,Horror,195,4,10,MKT019
CNT1229,Star Drama,Movie,2024,Romance,108,3,30,MKT028
CNT1230,Kadha 31,Movie,2020,Horror,167,2,110,MKT032
CNT1231,Paris Été,Series,2019,Comedy,515,1,50,MKT022
CNT1232,Vento Luz,Movie,2020,Action,102,9,80,MKT022
CNT1233,Noite Destino,Series,2022,Comedy,789,9,80,MKT007
CNT1234,Prema 35,Series,2020,Horror,878,2,100,MKT001
CNT1235,Anandam 36,Series,2019,Comedy,607,2,110,MKT005
CNT1236,Yuva 37,Movie,2024,Horror,121,2,20,MKT012
CNT1237,Shadow Mission,Movie,2021,Sci-Fi,132,3,30,MKT009
CNT1238,Eternal Legacy,Movie,2019,Thriller,148,4,10,MKT025
CNT1239,Luz Oscura,Movie,2023,Sci-Fi,175,4,40,MKT016
CNT1240,Shadow Horizon,Movie,2023,Romance,97,1,10,MKT023
CNT1241,Ninja Mission,Series,2021,Romance,621,7,60,MKT027
CNT1242,Star Legacy,Movie,2018,Comedy,169,1,10,MKT025
CNT1243,Dangal 44,Series,2025,Sci-Fi,828,2,20,MKT005
CNT1244,Shadow Legacy,Series,2018,Romance,294,1,10,MKT005
CNT1245,Moon Rain,Movie,2022,Romance,140,3,30,MKT045
CNT1246,Khiladi 47,Movie,2018,Horror,116,2,20,MKT010
CNT1247,Corazón Trampa,Series,2025,Action,314,5,40,MKT028
CNT1248,Raatri 49,Movie,2021,Romance,144,2,120,MKT046
CNT1249,Aashiqui 50,Movie,2021,Comedy,146,2,20,MKT009
CNT1250,Thendi 11,Movie,2019,Action,175,2,90,MKT039
CNT1251,Love Drama,Series,2023,Sci-Fi,564,3,30,MKT004
CNT1252,Sapna 53,Series,2023,Comedy,229,2,20,MKT039
CNT1253,Eternal Horizon,Movie,2022,Drama,107,1,10,MKT049
CNT1254,Corazón Sueño,Movie,2018,Comedy,114,5,40,MKT037
CNT1255,Midnight Horizon,Movie,2022,Romance,91,4,10,MKT023
CNT1256,Swara 17,Series,2019,Thriller,893,2,110,MKT009
CNT1257,After Horizon,Movie,2024,Horror,179,4,10,MKT038
CNT1258,Secret Line,Movie,2019,Romance,99,8,70,MKT041
CNT1259,Amor Final,Series,2026,Comedy,819,9,80,MKT033
CNT1260,Final Legacy,Series,2022,Thriller,499,5,10,MKT022
CNT1261,Vento Final,Movie,2019,Romance,171,9,80,MKT014
CNT1262,Luz Destino,Series,2019,Thriller,165,5,40,MKT036
CNT1263,Prema 14,Movie,2023,Sci-Fi,100,2,100,MKT018
CNT1264,Noche Destino,Movie,2025,Action,113,1,40,MKT049
CNT1265,Shadow Empire,Series,2024,Comedy,649,9,10,MKT019
CNT1266,Segredo Luz,Movie,2023,Thriller,126,9,80,MKT021
CNT1267,Shadow Flight,Movie,2018,Sci-Fi,167,4,10,MKT042
CNT1268,Paris Histoire,Series,2020,Comedy,308,6,50,MKT025
CNT1269,Star Horizon,Movie,2025,Romance,139,1,10,MKT023
CNT1270,Amor Perdido,Movie,2024,Thriller,90,9,80,MKT026
CNT1271,Final Legacy,Movie,2025,Drama,157,1,10,MKT045
CNT1272,After Break,Movie,2023,Sci-Fi,140,1,10,MKT014
CNT1273,Blue Edge,Movie,2018,Thriller,126,7,60,MKT014
CNT1274,Sangre Magia,Movie,2020,Action,114,10,40,MKT006
CNT1275,Amour Été,Movie,2022,Sci-Fi,137,1,50,MKT014
CNT1276,Nuit Rouge,Movie,2023,Action,123,1,50,MKT013
CNT1277,Love Mission,Series,2024,Sci-Fi,314,3,30,MKT045
CNT1278,Dream Mission,Series,2023,Thriller,229,7,60,MKT010
CNT1279,Noite Perdido,Series,2025,Romance,900,9,80,MKT010
CNT1280,Secret Hour,Series,2018,Sci-Fi,840,8,70,MKT034
CNT1281,Code Line,Series,2021,Romance,804,8,70,MKT003
CNT1282,Shadow Secret,Series,2023,Comedy,320,3,30,MKT014
CNT1283,Sangre Destino,Movie,2022,Comedy,81,10,40,MKT002
CNT1284,Blue Edge,Series,2023,Thriller,661,7,60,MKT027
CNT1285,Shadow Legacy,Movie,2024,Thriller,122,3,10,MKT030
CNT1286,Midnight Break,Movie,2024,Thriller,128,4,10,MKT045
CNT1287,Shadow Horizon,Series,2018,Horror,251,5,10,MKT006
CNT1288,Viaje Oscura,Series,2025,Sci-Fi,788,1,40,MKT041
CNT1289,After Legacy,Movie,2025,Romance,133,1,10,MKT050
CNT1290,Swara 11,Movie,2024,Action,95,2,110,MKT030
CNT1291,Nuit Rouge,Series,2022,Horror,157,6,50,MKT033
CNT1292,Veedu 13,Movie,2024,Horror,166,2,110,MKT001
CNT1293,Echo Break,Movie,2023,Action,146,1,10,MKT039
CNT1294,Luz Sueño,Movie,2024,Thriller,130,10,40,MKT042
CNT1295,Vento Final,Series,2023,Romance,801,9,80,MKT026
CNT1296,Kadhal 17,Movie,2024,Sci-Fi,144,2,90,MKT041
CNT1297,Noite Final,Series,2019,Horror,312,9,80,MKT006
CNT1298,Viaje Sueño,Movie,2024,Action,83,5,40,MKT006
CNT1299,Echo Empire,Movie,2021,Horror,160,1,10,MKT012
CNT1300,Bari 1,Series,2022,Comedy,401,2,120,MKT050
CNT1301,Star Flight,Series,2019,Drama,173,1,10,MKT007
CNT1302,After Horizon,Movie,2025,Thriller,113,1,10,MKT005
CNT1303,Khiladi 4,Series,2019,Romance,652,2,20,MKT027
CNT1304,Midnight Break,Movie,2020,Horror,128,1,10,MKT029
CNT1305,Segredo Perdido,Movie,2023,Action,160,9,80,MKT008
CNT1306,Luz Sueño,Series,2022,Sci-Fi,155,10,40,MKT048
CNT1307,Viaje Magia,Series,2023,Comedy,680,5,40,MKT014
CNT1308,Star Break,Movie,2022,Comedy,90,1,10,MKT009
CNT1309,Sangre Trampa,Movie,2025,Comedy,150,10,40,MKT048
CNT1310,Noite Mundo,Movie,2022,Sci-Fi,105,9,80,MKT007
CNT1311,Noche Sueño,Movie,2022,Comedy,137,10,40,MKT048
CNT1312,Eternal Empire,Series,2019,Thriller,354,1,10,MKT024
CNT1313,Sangre Sueño,Movie,2026,Action,132,10,40,MKT042
CNT1314,Luz Destino,Movie,2019,Action,134,1,40,MKT016
CNT1315,Prema 16,Movie,2018,Drama,95,2,100,MKT021
CNT1316,Shadow of Seoul,Series,2022,Comedy,388,3,30,MKT025
CNT1317,Pran 18,Series,2019,Thriller,434,2,120,MKT043
CNT1318,City Drama,Movie,2018,Horror,120,3,30,MKT013
CNT1319,Shadow Promise,Series,2023,Sci-Fi,272,1,10,MKT011
CNT1320,Echo Flight,Movie,2025,Comedy,162,4,10,MKT001
CNT1321,Viaje Oscura,Movie,2018,Romance,148,10,40,MKT022
CNT1322,Night Hour,Movie,2023,Action,118,8,70,MKT049
CNT1323,Blue Love,Movie,2025,Thriller,86,7,60,MKT045
CNT1324,Viaje Oscura,Movie,2021,Horror,127,10,40,MKT002
CNT1325,Amour Rouge,Movie,2019,Action,168,1,50,MKT011
CNT1326,Swapno 27,Movie,2018,Romance,80,2,120,MKT017
CNT1327,Echo Promise,Movie,2020,Drama,158,1,10,MKT018
CNT1328,Shadow Secret,Series,2025,Thriller,301,3,30,MKT041
CNT1329,Final Empire,Series,2025,Thriller,827,4,10,MKT021
CNT1330,Dream Night,Movie,2021,Drama,125,7,60,MKT043
CNT1331,Luz Trampa,Series,2021,Action,163,10,40,MKT025
CNT1332,Pran 33,Movie,2023,Drama,177,2,120,MKT033
CNT1333,Paris Rouge,Series,2023,Drama,666,6,50,MKT015
CNT1334,Secret Game,Movie,2022,Sci-Fi,179,8,70,MKT005
CNT1335,Swapno 36,Movie,2025,Horror,162,2,120,MKT010
CNT1336,After Empire,Series,2025,Horror,621,1,10,MKT002
CNT1337,Khiladi 38,Series,2024,Sci-Fi,713,2,20,MKT023
CNT1338,Final Empire,Movie,2019,Sci-Fi,86,4,10,MKT024
CNT1339,Coeur Rêve,Movie,2022,Sci-Fi,117,6,50,MKT012
CNT1340,Star Legacy,Movie,2021,Sci-Fi,86,4,10,MKT008
CNT1341,Shadow Empire,Movie,2024,Action,148,4,10,MKT015
CNT1342,Veera 43,Movie,2021,Action,143,2,100,MKT011
CNT1343,Paris Rouge,Movie,2025,Drama,80,6,50,MKT033
CNT1344,Coração Final,Series,2023,Romance,472,9,80,MKT012
CNT1345,Sangre Oscura,Series,2022,Comedy,588,10,40,MKT012
CNT1346,Midnight Promise,Series,2018,Comedy,758,6,10,MKT038
CNT1347,Shadow Mission,Movie,2026,Comedy,82,3,30,MKT015
CNT1348,Echo Break,Movie,2025,Romance,118,1,10,MKT022
CNT1349,Sangre Destino,Movie,2018,Drama,142,10,40,MKT030
CNT1350,Echo Flight,Series,2019,Drama,829,6,10,MKT031
CNT1351,Coeur Rouge,Movie,2025,Thriller,132,6,50,MKT023
CNT1352,After Break,Movie,2021,Thriller,126,7,10,MKT006
CNT1353,Star Flight,Series,2026,Sci-Fi,791,5,10,MKT029
CNT1354,Prathi 5,Movie,2022,Horror,130,2,100,MKT027
CNT1355,Corazón Trampa,Movie,2023,Action,158,4,40,MKT030
CNT1356,Star Legacy,Movie,2022,Action,139,4,10,MKT034
CNT1357,Echo Empire,Series,2025,Horror,216,1,10,MKT001
CNT1358,Night Line,Movie,2023,Drama,142,8,70,MKT028
CNT1359,Echo Flight,Series,2026,Action,440,1,10,MKT043
CNT1360,Coeur Rêve,Movie,2019,Action,173,6,50,MKT038
CNT1361,Love Secret,Movie,2019,Action,166,3,30,MKT026
CNT1362,Star Empire,Series,2020,Drama,596,4,10,MKT038
CNT1363,Veedu 4,Series,2022,Comedy,717,2,110,MKT020
CNT1364,Vento Mundo,Movie,2020,Thriller,103,9,80,MKT007
CNT1365,Geetham 16,Movie,2025,Horror,139,2,100,MKT028
CNT1366,Echo Promise,Movie,2020,Sci-Fi,83,3,10,MKT006
CNT1367,Ninja Mission,Series,2022,Drama,532,7,60,MKT035
CNT1368,Love Rain,Movie,2018,Romance,80,3,30,MKT030
CNT1369,Code Line,Movie,2025,Drama,122,8,70,MKT019
CNT1370,Viaje Oscura,Series,2021,Romance,840,1,40,MKT045
CNT1371,Ninja Love,Movie,2022,Thriller,108,7,60,MKT041
CNT1372,Sakura Saga,Series,2020,Action,355,7,60,MKT001
CNT1373,Final Horizon,Series,2025,Action,256,4,10,MKT033
CNT1374,Veedu 15,Movie,2022,Action,103,2,110,MKT035
CNT1375,Love Drama,Series,2018,Horror,276,3,30,MKT041
CNT1376,Dream Night,Movie,2025,Romance,145,7,60,MKT031
CNT1377,Star Empire,Movie,2024,Horror,127,1,10,MKT026
CNT1378,Shadow Empire,Series,2019,Action,301,3,10,MKT030
CNT1379,Star Flight,Movie,2018,Action,163,4,10,MKT029
CNT1380,Noche Destino,Series,2020,Drama,890,10,40,MKT001
CNT1381,Code Affair,Movie,2019,Romance,170,8,70,MKT033
CNT1382,Bari 33,Movie,2020,Comedy,123,2,120,MKT046
CNT1383,Echo Break,Movie,2024,Romance,88,5,10,MKT031
CNT1384,Viaje Destino,Series,2023,Thriller,669,5,40,MKT009
CNT1385,Swapno 36,Movie,2018,Thriller,131,2,120,MKT003
CNT1386,Raat 87,Series,2023,Comedy,661,2,20,MKT031
CNT1387,Sakura Night,Series,2024,Romance,392,7,60,MKT047
CNT1388,Coração Perdido,Series,2019,Sci-Fi,406,9,80,MKT048
CNT1389,Sangre Oscura,Movie,2025,Drama,102,5,40,MKT045
CNT1390,Final Promise,Movie,2022,Horror,112,4,10,MKT044
CNT1391,Corazón Sueño,Movie,2019,Horror,104,1,40,MKT002
CNT1392,Final Flight,Movie,2019,Romance,179,1,10,MKT035
CNT1393,Eternal Promise,Movie,2021,Horror,162,6,10,MKT013
CNT1394,Echo Legacy,Movie,2025,Sci-Fi,151,4,10,MKT005
CNT1395,Code Hour,Movie,2019,Sci-Fi,96,8,70,MKT007
CNT1396,Sangre Destino,Movie,2023,Action,108,5,40,MKT025
CNT1397,Eternal Legacy,Movie,2026,Romance,148,1,10,MKT034
CNT1398,Eternal Promise,Movie,2018,Thriller,94,1,10,MKT017
CNT1399,Prema 50,Movie,2021,Sci-Fi,177,2,100,MKT009
CNT1400,Aashiqui 1,Movie,2018,Horror,110,2,20,MKT005
CNT1401,Coração Luz,Movie,2020,Action,158,9,80,MKT031
CNT1402,Star Empire,Movie,2025,Action,108,1,10,MKT028
CNT1403,Berlin Game,Movie,2024,Romance,87,8,70,MKT035
CNT1404,Echo Promise,Series,2020,Horror,546,1,10,MKT045
CNT1405,Eternal Empire,Movie,2021,Sci-Fi,95,4,10,MKT023
CNT1406,Khiladi 7,Movie,2024,Action,155,2,20,MKT015
CNT1407,Ninja Saga,Series,2018,Romance,165,7,60,MKT005
CNT1408,Prathi 9,Movie,2021,Comedy,124,2,100,MKT042
CNT1409,Corazón Oscura,Series,2026,Comedy,275,5,40,MKT017
CNT1410,Amour Histoire,Movie,2026,Horror,108,6,50,MKT024
CNT1411,Prathi 12,Movie,2019,Horror,120,2,100,MKT033
CNT1412,Paris Rouge,Movie,2026,Sci-Fi,115,6,50,MKT009
CNT1413,Echo Legacy,Movie,2021,Horror,172,4,10,MKT003
CNT1414,Final Horizon,Series,2022,Horror,171,7,10,MKT018
CNT1415,Code Affair,Movie,2018,Drama,115,8,70,MKT032
CNT1416,Moon Secret,Series,2018,Sci-Fi,538,3,30,MKT035
CNT1417,Eternal Empire,Series,2021,Action,176,4,10,MKT017
CNT1418,Paris Mystère,Series,2024,Drama,587,6,50,MKT036
CNT1419,Bari 20,Series,2026,Horror,624,2,120,MKT037
CNT1420,After Horizon,Movie,2022,Sci-Fi,110,3,10,MKT018
CNT1421,Blue Saga,Movie,2022,Comedy,153,7,60,MKT040
CNT1422,Swapno 23,Movie,2023,Horror,81,2,120,MKT020
CNT1423,Shadow Promise,Series,2023,Romance,600,1,10,MKT003
CNT1424,Shadow Empire,Movie,2026,Romance,154,4,10,MKT040
CNT1425,City Mission,Movie,2020,Action,180,3,30,MKT032
CNT1426,After Horizon,Movie,2018,Comedy,86,1,10,MKT042
CNT1427,Code Game,Movie,2022,Thriller,85,8,70,MKT004
CNT1428,Eternal Break,Series,2021,Action,511,6,10,MKT003
CNT1429,After Legacy,Movie,2023,Action,89,4,10,MKT021
CNT1430,Moon of Seoul,Series,2023,Horror,439,3,30,MKT021
CNT1431,Segredo Perdido,Movie,2023,Sci-Fi,117,9,80,MKT011
CNT1432,Amor Destino,Movie,2026,Comedy,157,9,80,MKT033
CNT1433,Thendi 34,Series,2020,Horror,537,2,90,MKT003
CNT1434,Eternal Flight,Movie,2026,Horror,108,1,10,MKT037
CNT1435,Paris Été,Series,2026,Thriller,690,6,50,MKT031
CNT1436,Moner 37,Movie,2021,Drama,117,2,120,MKT022
CNT1437,Veera 38,Series,2024,Drama,268,2,100,MKT029
CNT1438,Star Promise,Movie,2021,Drama,126,4,10,MKT039
CNT1439,Thirai 40,Movie,2024,Sci-Fi,148,2,90,MKT050
CNT1440,Midnight Empire,Series,2019,Horror,443,1,10,MKT008
CNT1441,Luz Magia,Movie,2018,Thriller,160,10,40,MKT030
CNT1442,Bari 43,Movie,2019,Sci-Fi,171,2,120,MKT048
CNT1443,Berlin Game,Movie,2026,Action,101,8,70,MKT033
CNT1444,Police 5,Series,2022,Sci-Fi,863,2,110,MKT016
CNT1445,Coração Perdido,Movie,2023,Romance,158,9,80,MKT005
CNT1446,Sangre Trampa,Series,2020,Sci-Fi,596,5,40,MKT045
CNT1447,Shadow Legacy,Series,2023,Horror,671,7,10,MKT001
CNT1448,Police 9,Series,2022,Sci-Fi,330,2,110,MKT047
CNT1449,Kadha 10,Series,2026,Action,499,2,110,MKT037
CNT1450,Nuit Rêve,Series,2020,Thriller,442,4,50,MKT021
CNT1451,Ninja Edge,Series,2022,Action,898,7,60,MKT034
CNT1452,Veera 3,Movie,2022,Thriller,116,2,100,MKT008
CNT1453,Vanna 14,Movie,2019,Sci-Fi,116,2,90,MKT039
CNT1454,Dangal 55,Series,2020,Horror,361,2,20,MKT033
CNT1455,Corazón Trampa,Movie,2023,Action,104,10,40,MKT002
CNT1456,Love Mission,Movie,2019,Thriller,96,3,30,MKT008
CNT1457,Midnight Break,Movie,2019,Sci-Fi,97,4,10,MKT043
CNT1458,Corazón Destino,Series,2026,Romance,894,1,40,MKT011
CNT1459,Corazón Destino,Movie,2024,Sci-Fi,179,5,40,MKT003
CNT1460,Sakura Saga,Movie,2020,Horror,151,7,60,MKT016
CNT1461,Vento Final,Movie,2020,Romance,113,9,80,MKT032
CNT1462,Eternal Break,Series,2021,Drama,240,1,10,MKT048
CNT1463,After Horizon,Movie,2022,Action,170,4,10,MKT027
CNT1464,Eternal Break,Series,2022,Horror,645,4,10,MKT012
CNT1465,Noche Sueño,Series,2026,Drama,795,5,40,MKT023
CNT1466,Padavi 17,Movie,2021,Action,133,2,100,MKT021
CNT1467,Paris Histoire,Series,2024,Action,826,1,50,MKT045
CNT1468,Segredo Mundo,Series,2021,Romance,650,9,80,MKT044
CNT1469,Amour Mystère,Movie,2023,Drama,180,4,50,MKT036
CNT1470,Final Empire,Movie,2022,Drama,134,3,10,MKT004
CNT1471,Aashiqui 72,Movie,2021,Comedy,119,2,20,MKT027
CNT1472,Viaje Sueño,Movie,2020,Comedy,94,4,40,MKT022
CNT1473,Corazón Destino,Series,2026,Action,538,10,40,MKT023
CNT1474,After Flight,Movie,2021,Action,105,4,10,MKT026
CNT1475,Segredo Final,Movie,2018,Comedy,107,9,80,MKT001
CNT1476,Vento Perdido,Series,2022,Romance,557,9,80,MKT011
CNT1477,Sangre Oscura,Movie,2024,Comedy,84,5,40,MKT025
CNT1478,Shadow Flight,Movie,2024,Horror,89,8,10,MKT047
CNT1479,Berlin Circuit,Movie,2021,Horror,99,8,70,MKT026
CNT1480,Prathi 31,Series,2018,Romance,585,2,100,MKT048
CNT1481,Prathi 32,Movie,2024,Sci-Fi,163,2,100,MKT031
CNT1482,Swara 3,Movie,2022,Action,151,2,110,MKT031
CNT1483,Star Promise,Series,2026,Thriller,658,4,10,MKT024
CNT1484,Yuva 85,Series,2023,Sci-Fi,556,2,20,MKT029
CNT1485,Corazón Oscura,Movie,2020,Action,160,5,40,MKT036
CNT1486,Eternal Promise,Movie,2021,Sci-Fi,131,4,10,MKT034
CNT1487,Geetham 38,Movie,2018,Sci-Fi,174,2,100,MKT010
CNT1488,Coeur Été,Movie,2026,Thriller,114,4,50,MKT032
CNT1489,Anandam 10,Movie,2026,Horror,170,2,110,MKT033
CNT1490,Shadow Promise,Series,2018,Horror,866,1,10,MKT009
CNT1491,Shadow Promise,Movie,2020,Horror,94,1,10,MKT032
CNT1492,Noche Trampa,Series,2022,Thriller,710,4,40,MKT001
CNT1493,Eternal Empire,Movie,2023,Drama,114,6,10,MKT040
CNT1494,Echo Flight,Movie,2023,Comedy,106,1,10,MKT046
CNT1495,Moon Drama,Movie,2025,Drama,122,3,30,MKT034
CNT1496,Midnight Break,Movie,2021,Sci-Fi,80,1,10,MKT013
CNT1497,Love Rain,Series,2019,Thriller,789,3,30,MKT011
CNT1498,Amor Destino,Movie,2024,Thriller,81,9,80,MKT019
CNT1499,Police 20,Movie,2021,Drama,112,2,110,MKT035
CNT1500,Midnight Flight,Movie,2020,Comedy,102,1,10,MKT007
